Symbol,Exchange,Description,Market capitalization,Price,Sector,"Gross profit growth %, Quarterly YoY","Revenue growth %, Quarterly YoY","Gross margin %, Trailing 12 months","Free cash flow margin %, Annual","Revenue growth %, Annual YoY",Price to earnings ratio,"Forward non-GAAP price to earnings, Annual","Net debt, Annual","Enterprise value to EBITDA ratio, Trailing 12 months","Enterprise value to revenue ratio, Trailing 12 months",Price to sales ratio,"Operating margin %, Trailing 12 months",Price to book ratio,"Return on equity %, Trailing 12 months",Upcoming earnings date,"Cash and equivalents, Annual","Long term debt, Annual","Earnings per share diluted growth %, TTM YoY","Return on invested capital %, Annual","Debt to equity ratio, Quarterly",Performance % 1 year,"Net margin %, Trailing 12 months","Revenue growth %, 5 year CAGR","Price to earning to growth, Trailing 12 months",Analyst Rating,"Piotroski F-score, Trailing 12 months","Altman Z-score, Trailing 12 months","Shares buyback ratio %, Annual","Interest coverage, Annual","Return on capital employed %, Annual","Sloan ratio %, Annual",Buyback yield %,"Research and development ratio, Annual","Net debt to EBITDA ratio, Annual","Revenue per employee, Annual","Sustainable growth rate, Annual",Free float %,"Free cash flow per share, Trailing 12 months","Exponential moving average, 50, 1 day","Exponential moving average, 200, 1 day","Cash and short-term investments, Annual","Performance %, 3 months","Performance %, 6 months","Earnings per share estimate, Annual","Beta, 5 years","EBITDA margin %, Trailing 12 months","Capital expenditures per share, Trailing 12 months","Earnings per share diluted growth %, Quarterly YoY","Target price, 1 year","Average volume, 30 days","Relative strength index, 14, 1 day",Total common shares outstanding,"Number of employees, Annual","Free cash flow, Annual","Free cash flow, Trailing 12 months","High, 52 weeks","Performance %, 1 week","Performance %, 1 month","Average true range, 14, 1 day","Simple moving average, 50, 1 day","Simple moving average, 150, 1 day","Simple moving average, 200, 1 day","Volatility, 1 month","Volatility, 1 week","Low, 52 weeks","Relative volume, 1 week",Volume,"Exponential moving average, 21, 1 day"
NVT,NYSE,nVent Electric plc,25278973480.781204,156.18,Electronic Technology,50.080688542227,52.76710621949954,36.9714522134878,9.55279854100845,29.50666977146469,43.144838255200426,30.37502005649855,1475400000,24.83775016845062,5.514247720476045,5.137205833678113,17.403806371535,6.340509473617545,15.7482413131528,46318.0000,237500000,1668400000,3.016591251885366,7.90269632252591,0.409566329729865,59.95493650143385,12.2258998758792,14.26518714336622,13.858364871957841,StrongBuy,7,6.81480826434409,1.995292195509326,8.324,10.597791490192417,-8.136429311577812,0.16851950112763645,2.0163879684570136,1.773104194207427,324425,8.472544832988454,99.0236,3.520414381474711,155.9858821664805,139.7015672909433,237500000,-11.064290188485852,28.840125391849536,5.141725,1.354714,22.2010757136947,0.687995124923827,96.57851486627821,214.933333,2261598.966666667,51.22356221893069,161858000,12000,371900000,577700000,184.64,-1.0140702243630335,-4.999999999999999,7.1519002595233845,156.41500000000016,147.54873333333342,137.66025,3.6466706256489645,3.273288393942213,93.22,0.8941721739541972,724210,154.2017655081824
SMCI,NASDAQ,"Super Micro Computer, Inc.",25250463927.843372,38.435,Electronic Technology,257.0343428254261,93.1552702482286,10.8216040970869,-17.84776425161851,77.78535103837868,11.690899136147952,8.860361759107432,1668303000,10.887059780359706,0.7973051614538501,0.7282271693839127,7.09234030544244,2.4623803885993105,21.2589826017768,46329.0000,7568474000,7179487000,98.09592672933236,13.5337730876775,0.639519161360527,-15.378687802730074,5.65477799595485,61.48277410083174,0.12511621361542277,Neutral,3,3.4244265547797,-10.560695597143422,14.238726654126449,15.981723346116178,30.643605477699943,-22.50991116932502,1.9743250095640201,0.583169186574304,5580438.85714286,21.2589826017768,87.13680000000001,-9.88918455434815,35.258753115361536,34.18846078909143,7591584000,35.14416315049227,70.67051509769095,4.337859,1.9951748,7.32342044168979,0.229785489665972,445.48655569782323,41.333333,48677198.166666664,53.80876917570797,656965000,7000,-6971885000,-6971885000,58.78,1.7876059322034012,3.4589502018842633,2.432708028974681,33.5437,31.659366666666664,31.600324999999966,5.607956712744046,5.8264818762815445,19.48,0.8053298908241701,23584510,37.365934010253525
SN,NYSE,"SharkNinja, Inc.",23194501467.529793,164.65,Consumer Durables,21.63136881777251,22.188755298032493,48.5591514620354,7.606074395688952,15.74617188787331,33.64186179559479,25.070422535211268,124234000,21.013963977726224,3.375952823365271,3.40274322220286,13.8792634859035,8.160050987309177,27.5277348603576,46331.0000,777289000,837776000,33.76882499248366,22.1551534200167,0.321103366391512,43.111690569317695,10.0611205049641,18.37459178513303,1.0053767125570108,StrongBuy,8,7.36936207007089,-0.5775595358934944,19.12687242798354,28.866151615566803,4.243832151214503,0.5138114314154828,5.61919731065879,0.11619374165845958,1544578.32488535,30.4139709981152,61.30369999999999,5.685343504909018,167.21818243459927,137.76547238601444,777289000,19.728039557882486,59.451869068371096,6.5675,1.1977385,16.0652831942779,1.31927026629358,-6.768292682926829,209.564167,1720526.7,41.81838499219138,140871550,4143,486727000,804516000,194.54,-0.21816859584266726,-10.321350762527228,6.860785216684556,170.11519999999996,136.4172,131.58065000000022,3.7063468803097197,4.575768101928652,83.12,1.308796206574407,431256,172.1540857230527
IOT,NYSE,Samsara Inc.,22961580432.117756,39.21,Technology Services,30.43468148940624,29.875600286093796,76.3776066925315,12.815983838234068,29.573830910847672,254.61038961038963,50.696576914374376,-767078000,110.09386884409982,12.015357311792986,12.783719538069846,1.04830608285991,14.325590231854617,6.42968644326239,46352.0000,324843000,60202000,,-0.697427047271968,0.0433789811819667,-0.5579507988840955,4.9012964181793,45.30307201937309,,Buy,7,11.2689692133695,-24.5340427842974,,-3.6427732079905994,-2.196031446773573,0.17910352521935277,21.28886376483889,-6.923524049353298,394789.024390244,,96.4448,0.43267280015816023,38.38217351189045,35.64066687428403,839846000,25.71336966976595,18.066847335140018,0.773425,1.3440623,10.9137388284606,0.0557120551828449,,51.909091,6711444.2,49.08129494480164,380273040,4100,207444000,255478000,47.47,1.8441558441558463,-1.33366884750881,2.2876157584556394,38.57240000000001,33.58913333333331,33.79669999999997,5.421634852051738,5.569853067726207,23.38,0.9681670661349179,1782732,39.72342315409331
ROKU,NASDAQ,"Roku, Inc.",22816865871.91822,153.64,Technology Services,35.37328848325557,21.930123002093538,45.5039920447063,6.619619690829133,15.180366738975778,65.63848421412398,55.05470174104581,-1793957000,34.51965475306753,3.98029257817904,4.4928944867741345,5.24822858415353,8.076313912297033,13.1217117682218,46330.0000,1587068000,435899000,,2.89742063293628,0.16792139551159402,54.04050531381591,6.81891916277445,21.64660011118542,,Neutral,8,8.55380782405751,-1.8541975893877072,-1.343126967471144,-0.0816928416168864,12.447617369909844,1.0707430256698125,15.34961943118488,-5.5317652427837105,1315903.05555556,3.43104078256045,99.06190000000002,3.329477599657658,150.32599157186596,126.30352824642274,2317281000,11.68132587046594,60.4762899519532,2.790679,2.0498939,11.5305109702041,0.0601138944665723,1440.02849002849,160.105263,2194766.3,47.97332930019524,132140999.99999999,3600,313588000,505731000,159.89,-0.87102393702821,-2.6732547827188817,2.1346781295014083,151.1914999999999,126.48266666666667,120.71462500000007,1.2445946482732957,1.4187944552064038,78.53,0.7489079562572954,648680,154.97750898569836
CASY,NASDAQ,"Caseys General Stores, Inc.",22204375133.094593,600.765,Retail Trade,11.930147296964671,24.331162885205643,21.3728002143921,4.10919565920155,10.16380569251458,28.92381539291113,28.113768373696427,2382084000,15.805469364354343,1.3157684561769278,1.2083153418097603,5.87735403790775,5.426578977628239,19.9832932342512,46370.0000,522991000,2789521000,33.36029997174925,10.9090711979024,0.7054737118253369,9.069370563352162,4.13881373461085,18.067539239838414,0.8766607185740075,Buy,7,6.91786699253111,0.5786727005082583,9.1591545463323,13.752476510016255,1.0048612348217685,0.9642694231051743,0,1.5950390810970427,352292.990691703,16.87434012085521,99.3898,17.471366912355382,756.9388001241617,727.8603545482913,522991000,-30.10784587463353,-9.660756981098029,21.369067,0.5923438,8.324766736408,19.9306412639383,27.820657358425116,800.263158,500566.76666666666,24.167965729652465,36960200,49848,721620000,648926000,927.85,-4.4098459775967465,-29.66845783724933,28.999663985821417,794.7618999999997,775.4428333333329,730.0015749999991,3.467597945502932,3.3130953053447936,497.38,1.4669323167639134,197678,694.593240707513
MTSI,NASDAQ,"MACOM Technology Solutions Holdings, Inc.",20982149350.798588,274.74,Electronic Technology,44.01931896227042,35.76577184136719,55.0169505504419,16.962072166888255,32.57773671903484,88.36356619065998,49.84002538260301,-182523000,75.35060238845814,17.812399891061645,17.725949428423657,18.1136348406408,13.61704068012841,17.1836786221447,46331.0000,112142000,435596000,,-3.18730112440411,0.268729048693028,106.06015150378758,20.6985723048797,12.783931286821826,,Buy,7,25.5781277948682,-3.160839935730506,23.50471356055112,7.474803555218862,1.8198907924393029,0.21159414728077053,24.3548257031733,-0.9459748013703244,483629,,93.1291,2.6027369307094848,280.96936140914966,264.2007133022299,785975000,-28.131212723658045,23.55083869226964,5.512437,1.7077578,23.6393596420539,1.10741113902741,166.69435215946845,395.333333,1251343.6666666667,51.625478987100045,76370900,2000,164067000,204078000,418.9,-0.14175117217314956,-7.591402912784632,15.785084284737815,275.1027000000002,291.2682333333334,268.06125000000003,4.117533609318652,5.005735872698575,121.97,0.9785447052172803,637945,267.5808997051672
AMCR,NYSE,Amcor plc,19483247134.777252,42.14,Process Industries,53.896103896542,25.920094469950968,17.535948268527,5.228452310027879,56.6231343282986,17.67469172049325,,13965000000.0659,9.628560326573568,1.4234343203737798,0.8376477495073311,8.61482174763909,1.6509298135436576,9.40556169741018,,1115000000.00526,14714000000.0694,32.20583342575136,4.17492403223018,1.27905004240882,1.5421686746987966,4.70518165574759,12.818624051260329,0.5519296514265286,Buy,7,1.36665301611217,-0.1952277657266762,2.9305354558495145,6.779490784903679,-1.4018061733376386,0.35466350936414687,0.7232196035054862,4.011778224667021,313413.333334569,-0.7998691291292137,99.7344,2.769533275936289,44.39135935301754,43.32625900055826,1115000000.00526,2.4805447470817197,9.454545454545457,,0.5951594,14.7834595421839,2.07771333177579,,49.625293,3492554.3333333316,33.82863704688056,462346000,75000,1229000000,1286725160,50.94,-3.5697940503432544,-9.317839466322354,0.9895189450397872,45.17820000000004,42.57886666666663,42.7618999999999,1.98979168149542,1.6467539796465553,36.25,0.8903967870395849,1348261,44.13548035060037
SITM,NASDAQ,SiTime Corporation,18149673376.42385,603.56,Electronic Technology,174.99722622878065,126.5404207557487,58.7141177727904,10.753076593399866,61.15680054465532,1223.2671260640452,53.63434062267233,-804797000,368.5113643818769,37.523018865926794,35.17262797905319,0.188094474724806,15.610508047600202,1.32575445740363,46330.0000,16759000,1132000,,-4.6119339690334,1.2941899532901702,106.42292828072095,3.01186277653094,22.973309743275895,,StrongBuy,7,9.04951137602521,-11.44588524451225,,-6.079999838969729,23.00218042958247,0.484245628982869,36.396559113451296,,740725.623582767,,75.0683,3.0734085121862496,604.2846289802035,523.1785247900607,808407000,-14.691166077738524,69.32529106466545,11.253238,2.861318,10.1823233942503,1.60654783557657,,849.5,390943.4,51.184380766315925,30071000,441,35126000,84488000,901.81,-1.8402114250864086,-11.764103913571047,41.81182733216122,597.4312999999997,563.4307666666668,514.0005249999998,5.421619757353739,5.693154997541641,243.6765,1.057680839504352,150199,592.6704001445473
TOST,NYSE,"Toast, Inc.",17520054781.58532,30.155,Technology Services,31.63265306122449,23.096774193548384,26.6754850088183,9.881358686819437,24.052419354838708,38.52689408457903,21.767942400674514,-1971000000,32.32526540201497,2.323200291238289,2.6577748383303956,6.39329805996473,8.508291034058558,25.16179135387,46336.0000,1353000000,20000000,128.25896762904637,18.4217613789389,0,-26.217274284316115,7.14285714285714,49.52825835419377,0.3053144822963014,Buy,8,11.1773614739364,-6.517311608961303,,15.661103979460847,-4.576587795765878,2.876703333883041,6.0295790671217295,-5.298387096774194,946615.384615385,18.6426819296811,93.69189999999999,0.976271186440678,32.318747321688136,31.30760824728658,1991000000,23.636736367363675,11.068139963167596,1.385294,1.7279617,7.18694885361552,0.1,97.42813918305596,38.962963,8167585.233333333,33.039300028005314,516000000,6500,608000000,576000000,40.95,-6.1761045426260095,-13.52165184972755,1.1512952991768128,32.95390000000004,28.815999999999992,30.03864999999999,3.225821463717406,3.4397661497035203,22.26,0.7039912132161712,2969028,32.817153060990954
SMTC,NASDAQ,Semtech Corporation,17078589162.669062,183,Electronic Technology,36.77971289294326,32.719564888252215,51.9672815219798,15.212933641277173,15.472342615697782,121.64318000531773,52.67000972524387,327230000,91.45758494309537,14.817443464538572,15.302282109583864,12.3516938327117,22.805585499137003,23.6635826463168,46358.0000,195179000,511931000,537.1876323591698,-3.79382760710544,0.701045038404427,188.46153846153848,13.1165159334389,12.025094886413523,0.2204925893952682,StrongBuy,7,8.86369118047541,-7.413857860214189,3.1049899193548387,10.852137577616089,-12.133979325508726,1.2470468021183756,18.62930069763566,1.9301619134691952,546861.979166667,,99.4785,1.8050098670183756,143.13084684784207,116.40016703296516,195179000,17.240053815106666,134.0153452685422,3.474463,2.352058,16.2014375010645,0.298896282266142,,209.285714,3181259.3666666667,66.58387722548638,93325600,1920,159732000,182019000,185.32,12.345754803855371,35.07528786536759,11.66511628475017,136.80389999999997,122.90386666666667,111.76414999999997,6.870615795066779,6.706321762079496,57.5,1.2439697058370738,2154718,152.38708209385535
BALL,NYSE,Ball Corporation,16066169137.37605,60.695,Process Industries,33.95445134575569,22.40289069557362,15.163452899302,5.977848581398877,11.730801830818782,17.264969421134975,15.086223502792672,6154000000,10.064799799033906,1.6012971965841492,1.1216182355380473,11.4797152533002,2.7950313419281874,17.2571219868517,46324.0000,1219000000,7274000000,64.14530513143762,7.55780227065551,1.31952662721893,23.943230549315913,6.53120464441219,2.3127057902220693,0.26939796118261633,Buy,9,2.58051838634928,8.294933659237053,5.260188087774295,12.513983145648444,1.5826674861708665,2.5768432814321476,,2.6756521739130434,823875,12.265343090276168,99.72150000000002,3.0957666233683585,61.833087595076236,59.52112158111991,1219000000,3.3634196185286127,2.820599695070302,4.023207,0.95055956,15.9098762872348,2.24227836444697,8.39884696016772,73.307692,1693056.5666666667,41.41750492541309,264702999.99999997,16000,788000000,827000000,68.29,0.555003313452619,-2.2467386052504477,1.1647707578600262,62.6531,61.07903333333333,59.62952500000008,1.6531286806382859,1.7482312451247801,44.83,0.9019528751705999,940978,61.674140933791186
SUN,NYSE,Sunoco LP,16031623311.104681,78.27,Distribution Services,188.23529411764704,164.54545454545456,9.71678330512114,2.726082298321495,11.05186621425109,17.171628529431125,9.061614113472665,13964000000,10.91765917482027,0.7985301864810056,0.274245366002122,4.9240797352265,1.5662683391672343,14.5439935717155,46330.0000,891000000,14627000000,123.93023827069516,1.94998125018029,1.77779108768567,56.19636799042107,2.28645056971779,18.66582439337643,0.13951477206853888,StrongBuy,7,1.85411851734,-0.46856482747905615,1.6725978647686832,5.109667599815182,6.885974190818701,-9.188090135449302,,8.577395577395578,2828395.0617284,-3.267326928878568,76.8809,12.502256777143419,74.83211176950864,67.14954706815169,891000000,25.714744619338255,15.972736701733592,8.637534,0.41622022,7.31411535837902,4.99509446148355,185.46174946662603,83,444617.9,56.40379924507339,136897000,8910,687000000,1722000000,80.22,2.9868421052631526,0.7335907335907248,1.8657836671544188,75.27220000000003,68.92120000000003,65.56369999999997,2.332462432156457,2.1902214079553683,47.98,1.1362090149706783,181399,76.99670572129756
MLI,NYSE,"Mueller Industries, Inc.",13257613307.752363,59.94,Producer Manufacturing,12.780570180403148,25.45746560496515,26.7539014622398,16.432482391606463,10.873081533849529,15.623208048793202,14.391356542617046,-1380298000,11.19811188928801,2.551035575172402,2.862930945818578,21.3323701920797,3.7369636453413264,26.313960809429,46322.0000,1385055000,18970000,21.80455901962029,25.3935852898659,0.00695764921429075,20.87114337568057,18.2467925744298,11.746431943595613,0.7211730601598298,StrongBuy,6,16.3212206096356,2.2605288121672835,8246.694444444445,28.671162536010254,0.9284149681130276,0.5765668241002507,,-1.439003590477104,864765.521523179,21.851406239248973,97.96910000000001,3.012649643748418,63.04695575373973,60.57304069850025,1407788000,-14.310221586847755,9.8003297307199,4.165,1.1071672,22.7809437911823,0.347706969510651,1.8314687838325499,80,1235854.8,38.52321575029962,221181000,4832,686639000,666374000,71.12,-1.97874080130826,-7.24233983286909,1.7061432037489712,63.297599999999996,62.66456666666665,62.13739999999998,2.7677515631457603,2.586178461003905,48.265,1.2156411187848848,554628,62.02230871919833
FIVE,NASDAQ,"Five Below, Inc.",12963573832.259289,235.47,Retail Trade,90.45130463996416,22.851116086427677,36.4945836065179,8.641358043737945,22.89729956737048,21.12653310245207,22.974204827812496,1099982000,14.03928741305347,2.599670867296532,2.472093564687719,14.7497077458454,5.235534576162276,28.2514138665,46358.0000,723699000,1731041000,125.47996196718655,9.64171389965967,0.8233185508151251,56.98,11.6521900807472,19.41287791697135,0.16931676818879782,Buy,9,4.96103079470858,-0.36354314282867417,,10.846892072850748,-0.7535120495650883,0.45846925214481427,0,1.6557964360656428,193664.51219512202,17.9248038980242,98.2458,10.802246283175537,232.2806625204471,206.9129819637397,932207000,21.295008499459126,0.1999999999999995,10.249321,0.9890958,18.5171140871395,3.68150648045547,416.95595854922277,307.590909,1130674.8666666667,46.68703689113754,55054000,24600,411687000,599250000,263.875,-3.2937697646720645,-2.5816060568449832,9.771253993399359,229.24140000000017,219.73876666666644,212.1875750000002,4.231035358535268,3.9699683266901715,137.77,0.8465323149089674,289536,241.2163609229761
TTMI,NASDAQ,"TTM Technologies, Inc.",12350047589.964016,117.23,Electronic Technology,45.1413033472359,37.424738681204076,20.2555102239031,-0.02350030708673609,18.97825936556009,52.91117530240116,24.22107438016529,528296000.00000006,26.081543918322314,3.8332869195406976,3.656199726628221,9.96190206586389,6.383984438391256,13.2596991388126,46330.0000,501234000,1015689000,148.6365166647963,6.63900663328232,0.570296232271245,129.86274509803923,7.01122210094739,6.6610187681241495,0.34850700046500976,StrongBuy,7,6.4060034316558,-1.3549418120140837,5.660594134822902,9.655415591310339,4.153444065107929,-0.0019109238104619128,0.9975415857374125,1.2739171742600712,159689.285714286,10.6701077575775,97.7161,-0.14071925861892678,128.76087838053346,120.40177807106785,501234000,-44.94434790776312,23.127822707698783,4.84,2.152902,14.6973159700404,3.14216930184137,94.92424242424242,206.4,2181793.7333333334,45.78739908276532,105349000,18200,-683000,-15139000,223.83,-7.867022948758246,-7.085678053419987,8.062432524178368,125.81229999999992,135.90036666666666,122.60109999999999,5.024903892072144,5.293552408128016,51.09,0.5821332350429262,496898,120.11181575405406
FROG,NASDAQ,JFrog Ltd.,11299949445.460894,91.645,Technology Services,32.625379820192336,28.731331551642825,77.5265766831899,26.750338447653426,24.120162058214014,,93.50891316614067,-692669000,,17.483309685381563,19.081639443731447,-12.9253186035116,11.737711552894947,-4.93218290472034,46330.0000,76551000,6676000,51.508817766165905,-8.58139202822746,0.015164889154434301,89.50578990901572,-7.34596524446548,28.664987154156552,,StrongBuy,6,12.9199430737335,-6.084469717844962,,-9.579177275137637,-4.866640772877424,-0.19230174528549576,36.76086793020457,,295466.666666667,,88.8203,1.3930939706616137,88.42787378983083,71.1582077860479,705125000,13.32385309756398,111.2122608896059,0.980067,1.2757937,-9.20224947580013,0.0538763809845091,81.81818181818181,112,1998923.6666666667,51.117568059923805,123301000,1800,142269000,169701000,105.7598,3.3667944958267535,0.4769213901984457,5.466470280441484,88.74039999999997,69.34306666666666,67.04829999999998,6.001236057495452,5.897806152457369,34.05,0.6482600102516889,344767,91.31737353072054
ARW,NYSE,"Arrow Electronics, Inc.",11002189120.775415,216.13,Distribution Services,33.94181894172675,31.824628852945807,10.9153392718937,-0.12058820335893489,10.4916269997082,13.811194397050272,9.911492249839494,3041847000,8.736978280103818,0.3619186201508346,0.3104389168293862,3.75704430671707,1.572725549458846,12.1689733865274,46324.0000,306467000,3271436000,76.91568498880774,6.14609887233406,0.309853521272327,78.97482610135805,2.25920532348223,1.4760538553130642,0.1786405841133303,Neutral,7,1.69709551144991,2.1122441156175666,3.5067849121194112,9.69647806674336,1.6631498206659587,1.054217471875501,,2.826753660467692,1387896.3112910502,9.25437128210478,99.2391,15.915013399656816,211.1504500675094,183.09032285842824,306467000,-6.372379137064637,53.92778292144434,21.806,1.1892142,4.14237747362849,2.13821890604816,46.582102035126844,235,568852.2333333333,53.27330979671699,50905400,22230,-37205000,825464000,237.3328,-0.21698984302862367,0.47884704788470533,7.675873491243514,211.36279999999988,192.07906666666656,174.37355000000002,2.9823370171567065,3.091931583238272,101.79,0.8222420534322039,114776,212.99177279430882
VICR,NASDAQ,Vicor Corporation,10039049524.979044,217.735,Electronic Technology,76.3707350195213,49.25348270620328,60.0027847631264,29.244470825433343,13.547393457324445,69.88990177826282,63.36874272409779,-395629000,87.59370828406465,20.238794545617466,21.77924026598707,18.6397697929149,12.031179893864145,20.1343947040503,46322.0000,402805000,5608000,114.63313813296591,18.3401709084384,0.0091188142664856,308.5084427767355,30.6452633710823,6.57151867621284,0.6059170729027441,StrongBuy,7,178.810277268831,-0.29710424829373727,,5.487964343431409,-0.08337343257328303,-0.6376400459099602,19.271475910041918,-6.86677080621366,373352.564102564,18.5008442387339,74.77149999999999,1.0746206087029428,215.01074065204529,201.37235753438654,402805000,-35.581360946745555,14.170730428399143,3.436,2.3603687,23.1053062395571,0.694307034459629,14.171591157802577,386.25,766012.1333333333,56.61387502738109,34389000,1092,119230000,51268000,382.65,20.52864655411016,-10.026859504132226,15.946719037180468,211.42140000000018,232.53893333333335,207.17317500000013,5.926416783817816,6.179300056242334,47.56,1.012292415729064,351569,198.23106781941138
VIAV,NASDAQ,Viavi Solutions Inc.,8665854523.746689,35.12,Technology Services,57.03703703703704,52.53012048192771,56.1746690377396,5.453467694131595,40.02582311168496,,21.3581392633388,42099999.9999999,31.67680801653943,5.735331965847783,5.971902786010665,10.9727985246657,5.981435748956825,-2.72804774083546,46324.0000,654700000,441700000,-204.1015625,-1.95731255834916,0.48243010010355497,185.5284552845528,-2.00223934663769,4.837082465827347,,StrongBuy,5,-29.4324085905157,-10.52867383512545,3.5147679324894514,9.716551965472997,10.441306918982852,-6.364057906681298,17.302245932951326,0.15314659876318626,370317.073170732,,99.0045,0.3172413793103448,38.72005906855345,35.35641931030712,656700000,-30.852530025595595,2.5251788060137055,1.644338,1.2254078,18.1057761970625,0.119157088122605,255.96590909090904,61.428571,4252899.266666659,44.57967650269924,246750000,4100,82800000,82800000,60.43,-8.074859311608432,-17.13072203869751,2.3583757991990004,38.37699999999998,40.8942,35.68255000000001,4.985360048442253,5.561400581250693,12.05,0.8897662942580439,1245078,36.587024714811164
GTLB,NASDAQ,GitLab Inc.,8225782624.639347,49.37,Technology Services,15.984671374514955,21.31462959823699,85.7675609642834,23.243658032042745,25.811690236009532,,56.98594339034621,-1259903000,,6.648004178143695,8.037305762974015,-8.06905447194615,8.923181474773983,-5.88020624079282,46363.0000,229576000,0,-829.7619047619047,-6.3345435032892,0,-2.8149606299212593,-4.99342758065785,44.394886016047465,-0.19392971891607894,Neutral,4,5.06153805471964,-6.156018941596761,,-7.066675290197201,-1.2495160345657261,1.4875301911514447,28.74446203194225,,370241.860465116,,86.55760000000001,1.2665631316574097,41.51406990288956,35.83361078698309,1259903000,89.01225114854516,115.8723218189768,0.866354,0.99251103,-6.86877053584883,0.0570055067189084,-293.51351351351354,55.086957,5440242,63.80913416223602,165500000,2580,222029000,213673000,55.55,4.310162687513204,19.164856384262606,2.2453070778209177,40.2897,30.389833333333335,31.870450000000016,4.292084470723579,3.619737910665542,18.73,0.6112282692966892,859423,46.367920164650485
S,NYSE,"SentinelOne, Inc.",7785859291.125052,22.37,Technology Services,15.799437562256136,20.562136896479107,72.3081011810278,5.182476794656429,21.889901042167555,,70.0933115251327,-636285000,,6.481089803190898,7.208516194871415,-26.2777781822948,5.344016588668391,-23.007688690893,46364.0000,192245000,9107000,23.480830428852858,-28.8075298965962,0,19.689673622257892,-30.9534688141665,60.8281471836768,,Buy,5,3.1004672281603,-6.601306954546657,,-17.522869536513987,-25.19763324093906,1.5630130914222478,32.343964413479576,,345268.275862069,,94.8459,0.0909853198023751,20.35273268641741,17.789855297461074,651286000,51.66101694915255,55.56328233657858,0.319146,0.771784,-20.1228902415937,0.07752227994747,-25.689338235294134,24.583333,8492188.166666666,56.95277129937238,342184000,2900,51891000,31074000,24.255,12.922766279656752,0,1.1883885801394398,20.534399999999994,16.824399999999983,16.2707,5.1243423478738315,7.1209367459346575,11.81,1.3999479750883832,2518408,21.373611498288778
AVT,NASDAQ,"Avnet, Inc.",7679978876.797681,93.575,Distribution Services,45.70579634957318,47.662508154889956,10.4293021419599,-1.2828902644017592,24.467317641553976,23.450030072173217,8.058473992421632,3320419000,11.064171762838683,0.3980937311370626,0.2854088457497958,3.1104037201165,1.5292868857214532,6.66511992527804,46330.0000,155396000,2685975000,46.114976199194444,4.32749751183355,0.692048367118945,76.65659807438173,1.21012136244606,7.182369820958412,0.5060396499956253,Buy,5,3.14240009291356,2.11281199862596,3.3953069447736435,10.732334402731633,4.435876091777094,1.8008903698660987,0,3.3396722102923353,1837279.45478723,4.337390762360075,98.61609999999999,-4.185670598514635,90.60973708260082,77.60231493230485,155396000,1.9557637829592522,57.50715367783202,11.612,1.1155223,3.59804366445343,0.868690446672098,1987.4301675977656,106.25,1166572.5666666667,53.53961522243898,82073000,15040,-354497000,-354497000,100,-0.6001699596345844,-0.45212765957446505,3.5179472826484846,90.81199999999991,80.7825000000001,73.88027500000003,3.259622827744187,3.4086972023599644,44.25,1.0376286440890938,272663,92.2614382308396
ZETA,NYSE,Zeta Global Holdings Corp.,7510326935.644386,29.92,Technology Services,37.37984843522876,43.5491923927351,54.1854645526034,14.18652101530811,29.72038888237084,,30.825117938013904,-102022000,54.35955560504275,4.723872674718891,4.9605290388681,3.39771987240249,8.084825819561388,-0.271166861384226,46336.0000,319764000,208798000,92.81997918834547,-3.34051427105354,0.23772122305846602,40.140515222482435,-0.138075737311069,28.795924082319036,,StrongBuy,4,5.9556276417856,-3.7561253789307227,77.64150943396227,2.830286472547302,-6.926825386575663,1.5170178472426852,8.981058782770788,-1.0116814089088098,395353.939393939,,98.2067,0.8745953094277127,27.32609096134102,21.96112601471895,319764000,60.94674556213019,73.95348837209303,0.970637,1.4360154,8.69005020762287,0.151901036897329,,31.357143,6737482.4,53.356718712393175,227375000,3300,185087000,224405000,32.81,-2.0942408376963253,5.949008498583582,1.4091798677758847,26.61059999999998,21.03426666666666,20.677050000000005,4.512963306224387,4.454859214046979,14.365,0.5050294603342947,2962532,29.868267328837824
LB,NYSE,LandBridge Company LLC,6592344440.0521345,85.52,Commercial Services,38.15213887737717,40.61809690110029,89.9496127813213,-53.74925286172794,81.06935627626099,96.76397374971712,45.390299787219696,529544000,47.52912513541516,33.552500465958175,29.344527479485816,63.8857594010308,6.7912469784033265,11.7203125502428,46337.0000,30741000,559593000,74.42273534635878,3.42221978864371,1.5068207643756402,62.400303835928604,16.166934274841,,1.3064271174430655,Buy,7,3.06028609264164,-19.706288671900513,3.8092704702501066,10.635495301843836,9.968551801683095,0,,3.892103251602281,,4.333014287739461,98.03969999999998,-0.9400053398413104,81.74831345130075,71.9081639034692,30741000,34.254317111459955,22.153978003142395,1.884103,0.10183003,70.59355788764,2.9443681325461,-34.422110552763826,91.375,295339.36666666664,52.27995321303173,29654484,,-107011000,-72372000,91.69,-0.4771325497498089,5.125998770743703,3.4195333446389595,81.3986,73.69326666666667,69.00085000000004,3.839799814058568,4.2018620151119634,43.75,0.6971416877368241,69719,85.20612017402959
GLBE,NASDAQ,Global-E Online Ltd.,6402077322.8906975,38.115,Retail Trade,35.78970662599453,39.14937382760526,44.3012407511991,29.171113963321282,27.821601458134516,43.48049281314169,31.454404111725648,-599334000,32.31501050973876,5.319758491834369,6.063282421182206,14.2752241272638,7.146553566808042,16.9591794967036,46344.0000,245860000,18449000,,7.32088129386159,0.028108041112989902,5.904417893859405,13.8664816756029,47.810629450040196,,StrongBuy,7,8.82378121199426,0.04827729429665223,62.19128949601957,7.722099427905646,-2.3500371012345003,3.2106735327623808,12.460364063417483,-6.388875267831445,789331.419197808,7.47706746064475,68.9452,1.7535361609258826,37.95499000578048,36.064541348066115,622836000,19.482758620689665,13.471271211670135,1.211754,1.0013045,16.4621901955784,0.012130528716076,340.93851132686086,50.5,1437505.5333333334,49.378571000955574,167967000,1219,280683000,307087310,43.99,3.041362530413625,-7.689513199321863,1.3571184296498167,38.933099999999996,34.706766666666674,35.55085000000001,3.341136251522782,3.1675839728510047,26.845,1.2178792956952036,449085,38.10419908059889
ALGM,NASDAQ,"Allegro MicroSystems, Inc.",6292933453.221383,33.76,Electronic Technology,37.576394821581125,27.451635898822545,47.1953645814613,14.031407848142221,22.770846034377644,449.5339547270306,32.85126821853878,130555000,50.595063818634905,6.795562325935407,6.5724106752796665,6.21681850953661,6.523280731009351,1.50519706888812,46324.0000,175357000,298691000,,-1.17088361352431,0.315269694568775,6.498422712933751,1.50126753029281,8.527414408604074,,StrongBuy,7,15.580300495924,-0.5810385517681249,1.769053535125367,2.9089131616100423,-9.255492878143153,-0.05302773380341045,22.589922884722547,1.222986201534412,209434.35294117598,,67.0964,0.4678434865076813,40.08471832783217,40.02700754223706,175357000,-40.97902097902099,9.326424870466317,1.027662,1.9114195,13.4312753321056,0.189556310577116,,54.833333,1916553.4333333333,35.681448465861564,186402000,4250,124893000,87847000,71.77,-5.8561070831009525,-15.600000000000005,1.954179664365661,41.16219999999999,42.57629999999999,39.862249999999975,3.998309815533197,4.349608313146472,22.4101,0.7551778798474986,523091,36.152525267533115
LOAR,NYSE,Loar Holdings Inc.,5981540185.785703,63.845,Electronic Technology,34.03943489152849,39.35576618503448,45.4357795034871,18.206748971856783,23.202480518545553,89.88455582148387,46.59423135026572,640466000,32.5857946459695,11.641635479565078,10.474966016568636,24.6813200311174,4.986924408395874,5.84177753189581,46344.0000,84827000,719834000,51.224185650415166,4.41436648493235,0.804445411599524,-18.998985029180407,11.6011109443027,,1.7666844667392014,Buy,5,4.68069688242573,-0.07097348070549218,4.800038963569063,7.184775575273987,23.495649895656037,-0.03380400260128656,2.62995105615143,3.676760834247071,291931.176470588,6.3754110225171,80.6797,0.9667088912385757,69.48463998823537,69.26612050100213,84827000,-7.5246234067207505,1.4378773435017496,1.370234,0.5625661,35.726105826316,0.159943886684603,0.8050603795284719,89.8,617476.4333333333,35.147472276269966,93688470,1700,90357000,92341000,83.43,-2.0105901312255425,-17.778493238892473,2.6163953086956795,70.6885,66.93536666666672,67.50447500000001,3.4580315726055977,3.5021734158868285,53.15,0.9061388276305875,183589,67.74733549673644
RSI,NYSE,"Rush Street Interactive, Inc.",5677288300.894456,24.495,Consumer Services,50.84640381028356,46.267137662183295,31.8625310090194,14.477516422373213,22.762565700267185,82.61382799325465,39.514055356779906,-323792000,30.468497596914467,4.0218592469568595,2.141395288640848,10.0943639849855,15.281676960509078,20.7246517970196,46330.0000,340504000,12449000,47.07341269841269,26.4758952346886,0.07989150403077659,15.162200282087452,2.33492155111303,32.43121012447898,1.809093445305878,StrongBuy,6,7.02376543039749,-11.246991416256419,96.21350762527233,26.58063661834499,-14.37787010715067,0.486922603448634,,-2.5238280823732984,1243890.35087719,29.4874575610965,97.032,1.5671391061054893,26.91499075368658,24.537537102032534,340504000,-13.199858256555627,15.596979707409155,0.619906,1.5121802,13.200057646965,0.353601320153001,-18.95850284784378,36,2051224.3666666667,33.773535489730435,115626000,912,164237000,181674000,34.53,-8.770949720670393,-0.8299595141700336,1.0878392450621066,27.78289999999998,25.729300000000016,23.937124999999988,3.880581000102301,3.7099378837883554,15.51,0.8276581179627039,678073,26.124902597300732
ELF,NYSE,"e.l.f. Beauty, Inc.",5567404367.276039,94.35,Consumer Non-Durables,61.11545759869288,35.516016045728634,69.1999800239032,11.61413088644352,24.587043791591583,95.91338822811832,26.029489052303134,627215000,20.25855825798753,3.4915398774398585,3.163133942566456,11.9985971332031,4.757253992992441,6.03989781845854,46337.0000,289685000,879276000,-41.65134349605552,1.71115109012899,0.7950277613804551,-36.04257049891541,3.38265688897263,38.76062632592654,,Buy,4,3.22854563402136,-6.0284743754970025,3.292296394561046,8.88309242906856,17.503230780925907,1.6573432413558526,,2.8726264300959046,1927528.85747939,2.78293419901289,96.4597,4.6905972660031825,91.95215356702346,83.99731292875528,289685000,48.489140698772424,29.299712210497457,3.624735,1.5951931,17.2348882530336,0.28102597502075,93.05747922437672,102.125,1724237.2666666666,44.87078332901313,59008000,849,190062000,280158000,147.75,-2.792087368637964,-1.718750000000006,4.332138667463651,91.82640000000009,75.55039999999997,77.11435000000012,4.12740626770843,4.2909616184221395,48.82,0.5774312828395642,359968,98.02194690058298
XMTR,NASDAQ,"Xometry, Inc.",5551215009.60781,96.84,Technology Services,33.70793890374551,41.054587288599606,36.2771212498344,-3.5090172159427695,25.865169404376303,,137.46504464349084,120281000,,6.6566707774782765,6.396090435388858,-3.75787431070758,9.282833085382126,-7.12043215761042,46331.0000,14996000,337355000,51.466753585397655,-10.1541884814601,0.571018263159575,86.80555555555554,-3.81545723941248,37.1674654546144,,Buy,5,7.76256625985523,-3.215923271076717,-5.423884246994089,-4.269298665633629,-7.132527098949481,-5.506055871930534,4.778986092966965,,584864.565587734,,91.3198,-0.25816821224857484,89.33010153619043,73.58623596396995,219141000,6.394199077125914,143.13331659553103,0.70447,1.3195801,-1.05060982179012,0.768676578803836,81.20444955887994,111.916667,536062.9666666667,60.7232873052179,55848300,1174,-24094000,-13998000,106.08,12.893448356260203,11.843852861350129,4.61979373275328,90.87179999999996,72.9291,70.226875,4.771696904238549,5.009290207186508,35.86,1.2629190395935825,195794,90.52821937766501
NAVN,NASDAQ,"Navan, Inc.",5525472205.314053,21.2,Technology Services,38.95538189253186,35.380803945287056,68.5377776001879,2.1023402846503814,30.815312655424272,,80.85122611647152,-645802000,,5.794845218712868,6.869651523575666,-24.7934004380819,4.187885947272146,-49.3879634830164,46371.0000,663163000,161798000,-83.6890645586298,-41.3708518582999,0.12937831249843199,-3.63636363636364,-42.1097432656111,,-0.18966518632246504,StrongBuy,,7.6461437770646,-0.4092390996764647,-3.7074991715238115,-18.77731391734333,-13.3821523314261,-17.275754261906474,21.535602657116616,,189801.351351351,,50.05320000000001,0.06813989868167727,25.342740398563834,18.980669681966262,820157000,-0.7025761124121879,145.93967517401393,0.26221,1.100361,-15.8335845826174,0.0842494516930303,26.992287917737777,30.866667,3352836.966666667,32.606613530723436,245330800,3700,14764000,17469000,30.88,2.8626880155264427,-27.989130434782616,1.4812076733000108,26.59270000000002,19.591900000000006,18.286475000000003,4.867431879742445,4.698725749974792,8.105,1.2071789722106538,1173292,24.833095287517924
PRM,NYSE,"Perimeter Solutions, SA",5337830517.340274,32.61,Process Industries,7.999585693142332,31.462933245473284,44.4527072722617,31.945189028878907,16.381326565145816,,21.09480825783147,498362000.00530905,,8.762790748163521,6.94592135077801,-50.5953198639422,5.22488139471167,-30.8683244487691,46325.0000,325927000.00347203,819873000.008734,-624.8587570621469,-10.5488288308824,1.34982840944463,50.62355658198614,-44.8557072511443,13.96634617661967,,StrongBuy,3,1.09591670879488,-1.0941673593379928,-5.134278778530804,-8.316991925382064,-12.7288770817452,-0.8076910774698308,,,1759735.8490758499,,90.99730000000001,0.6355680913170941,32.30655909852271,29.3237477105556,325927000.00347203,-8.783216783216785,51.95712954333643,1.545878,1.9005344,-38.0123687043773,0.187529787289904,-408.23045267489704,43.75,1052386.9,53.794277419640764,163686920,371,208558000,103858750,38.17,4.855305466237936,0.8660686668728771,1.2402585866764497,32.83,30.26460000000001,29.648150000000005,3.296339284615553,2.5490631138151936,19.7,0.637789178759675,330977,31.830025054924107
TTAN,NASDAQ,"ServiceTitan, Inc.",5237628115.56188,54.294,Technology Services,24.53568548513131,20.912098396269666,68.7791271026457,10.921313471354315,24.497006003539422,,40.00651375071935,-377561000,,4.5136833897437665,4.884412733744718,-12.5983113089704,3.2617138806369153,-8.33592344052392,46406.0000,428935000,37322000,61.402320264205265,-10.0901977950949,0.0297466020965363,-52.27320675105485,-12.1160294159083,,,StrongBuy,7,23.8832805962845,-6.931110543988696,-21.73792721737927,-9.846020399625587,-12.901870827142037,-0.3958853042351901,31.25275114078036,,281477.738722906,,69.4175,1.3965832992917826,77.22808965071043,79.29181682957416,428935000,-11.831763559597274,-20.15588235294118,1.357129,0.10900536,-4.83549820142196,0.279596224788563,26.031294452347076,97.533333,2852604.1666666665,26.264258516873838,84082060,3414,104950000,133881000,115.9177,-2.89035950634949,-40.59087427508481,4.9479526694667255,81.04598,71.54552666666662,77.12331999999996,5.781185404606882,5.73469944191726,53,2.285545590048326,1108800,72.38793703535183
YOU,NYSE,"Clear Secure, Inc.",5225502242.342932,38.625,Technology Services,37.374628181940494,26.559801701394743,63.1770233755436,38.090586037196694,16.91019198222425,26.36518771331058,21.106557377049178,-587850000,15.414376680462656,4.409815732067556,4.119147583131477,25.1294088961371,19.119772691271976,90.2894542435177,46331.0000,85734000,106808000,-21.506643806258037,36.511586294777,0.532216850996155,4.391891891891892,14.7781961499105,31.304011655429175,,Buy,6,3.88660157260815,-1.2312693242508668,,32.86931890790481,-12.376916402581395,0.023691502607506763,8.035600297076199,-2.6587276460638076,272880.642229627,32.08406432280589,92.8234,4.9469695370782265,46.72103625644236,46.192636443438005,700173000,-23.0884109916368,-20.590049342105264,1.83,1.020759,28.6084596444103,0.333292552383694,87.16372021521906,59.666667,1823899.6,23.195695235545045,102911000,3301,343112000,508393000,69.07,-8.601514434453378,-13.182737693863794,1.7654487746231193,48.348299999999966,50.54176666666668,46.64557499999998,3.4743548316454427,3.9407312007210784,29.435,1.7090493247076655,486271,43.230459663681934
GBTG,NYSE,"Global Business Travel Group, Inc.",4944264375.07611,9.465,Consumer Services,32.369942196531795,37.87638668779715,51.4168765743073,3.8263428991905815,12.174989682212134,58.93524283935243,41.15217391304348,1072000000,12.713942207272197,1.9134963397594804,1.549975278652393,7.96599496221662,3.0161274389524975,6.19936597393449,46336.0000,434000000,1422000000,,3.95716100925758,0.9755948749237341,14.866504854368928,2.77078085642317,,,Neutral,6,1.34166250131685,-10.656899888891957,2.3009708737864076,5.741974560872198,1.374916163648558,2.245025580742561,19.38925680647535,2.498834498834499,100666.666666667,8.19857089131252,46.315599999999996,0.19601352685505424,9.371163634460418,8.364614503529724,434000000,0.9061833688699261,71.77858439201452,0.23,0.93363327,15.0503778337531,0.284411784064196,5.109489051094885,,1669661.8666666667,53.136146974606795,522373000.00000006,27000,104000000,102000000,9.56,-0.263435194942048,0.15873015873016474,0.025267066321128084,9.444100000000006,8.04316666666667,7.870775000000006,0.2649475362259641,0.21141649048625333,4.955,1.3703190156150455,230346,9.46428556586102
BETA,NYSE,"Beta Technologies, Inc.",4901065362.435484,20.95,Electronic Technology,-37.99270072992701,52.70340660485468,12.9543731323313,-879.5064016172507,135.99257884972172,,,-1510885000,,80.81074355371045,112.25907664689363,-1129.30957584408,3.033150379107602,,46359.0000,1714784000,196637000,,-57.0163549705121,0.127971114001747,-38.38235294117647,-1913.90883546675,,,StrongBuy,,5.82981476269373,-2.5175447986222887,-28.728646315140303,-28.00851525963839,-20.397503010318275,,729.7057502246181,,35333.3333333333,,52.714000000000006,,20.809893513256753,21.14867019074244,1714784000,31.430363864491845,30.69245165315033,-2.251367,1.980491,,,-62.49366447034972,32,2414762.8666666667,48.42734857974541,225439580,1008,-313245000,,39.5,3.456790123456787,-21.828358208955226,1.5719275374599302,21.0548,18.334066666666665,20.334549999999997,6.946752614401766,7.053561077138401,13.43,1.6608268605333987,1081724,21.255646210495183
ACMR,NASDAQ,"ACM Research, Inc.",4773755573.319169,68.54,Producer Manufacturing,28.869147337283774,36.00607321285961,43.835447477866,-7.390140340327236,15.239516287823577,32.55747672430173,30.57063247846475,-870169000,26.358952569411393,4.0541762288047565,4.691322174003548,13.2859626199204,2.5661012557946945,10.554963036657,46337.0000,765962000,183999000,27.72721757068316,7.06728486691467,0.187790365743912,98.55156431054462,14.4761084322953,41.906758338022954,1.1610150087872448,StrongBuy,3,6.69698696896176,-4.575738728834709,15.733860531991374,6.535583510565549,17.178772598576774,-19.346591709928163,16.08649197999798,-6.919447823977989,358658.57540787896,7.94246319525468,89.98230000000001,-1.6528369278664423,77.0369037094971,66.60957396610475,1168077000,-32.98132394641634,48.741319444444464,2.242021,1.9523239,15.3806423761674,1.57574778280316,180.56698673982626,121.714286,867646.4333333339,41.95256599360917,64657399.99999999,2513,-66608000.00000001,-118738000,127.19,-6.773667029379747,-19.364705882352933,4.818012617003261,79.13540000000003,70.71686666666666,64.95212500000004,5.0610658147949055,5.143161792988862,28.46,0.8283654900158554,271098,72.38944078742101
RELY,NASDAQ,"Remitly Global, Inc.",4671866917.990796,22.07,Commercial Services,27.182546388616625,20.22668337169663,60.030923465528,17.323335455466697,29.36668241079842,15.884554483949907,15.86332954539737,-351187000,18.904480067826874,2.2287728136489835,2.6543533343022254,10.3629528483463,4.145706460689987,32.2455689645147,46330.0000,543309000,183135000,2126.6025641025644,7.8695927176177,0.0339566649627989,26.042261564820095,16.8546149514624,44.790346613440725,0.007354380551031823,StrongBuy,,8.49923113523066,-5.031995322343979,10.726090383604834,,-12.834258692422704,1.5797539034296908,,-3.2919357711307544,510983.43749999994,8.85547430031416,91.4174,1.558672511524594,23.83145931164265,20.779605235869965,543309000,6.464061746261457,40.03807106598985,1.391259,0.3642897,11.7896541224748,0.103854801424119,3025.8389261744965,32.15,3522355.7666666666,38.257926106408576,211684050,3200,283262000,344543000,27.479,-0.7643884892086248,-14.091086025690934,1.075532594236536,24.34810000000001,20.944933333333342,19.147349999999985,4.403998761990324,3.7896424071186807,12.08,0.9839959275143825,770278,23.788899960140533
CSW,NYSE,"CSW Industrials, Inc.",4657330540.524631,285.84,Process Industries,36.311740960828814,33.000311023114314,42.3752493474002,12.230023767977245,23.254897808382317,39.180316633541224,22.70447971839582,910979000,19.63056111602659,4.750800126650636,4.039082367365994,18.1727548901161,4.340001393829163,11.0722529586341,46324.0000,33799000,901698000,-12.789585674325194,7.26981225788515,0.863875403777156,15.640423982522844,10.3354016449019,20.893853741959646,,Neutral,4,3.70022273371797,2.5859500685217243,8.319178926966787,11.371659542645679,43.40104217925276,3.4353584871813085,0.5357725146852476,3.6140064823520546,400944.074074074,8.856468648541233,98.6432,8.816070882981975,304.8055465227659,292.3757045074533,33799000,4.4622300186383,8.70094310921813,12.589586,0.80966383,24.2010409105017,1.24393522761992,25.28740368371174,351.857143,118219.2,34.804845978948805,16293500.000000002,2700,132395999.99999999,144275000,355.4825,-3.098515153569748,-15.047403929027864,10.09513620123201,310.8404,288.23026666666686,292.6305000000004,3.0120944052454806,2.9864720403472798,230.45,0.8819772915556452,53745,302.67845842095505
AIR,NYSE,AAR Corp.,4483626970.272922,111.37,Electronic Technology,17.643142476697736,22.99536116633532,18.8029020556227,1.8016928657799274,18.971408020140263,22.87703874121852,19.359076716142955,904200000,15.306326620093527,1.628726411811645,1.3421862152357928,8.43712212817412,2.6067504936956523,12.8764492007958,46294.0000,107800000,995000000,1356.236912952438,7.57160145219847,0.593966427984505,48.910282123278506,5.67412333736397,14.893462976971406,0.01698161992976566,Buy,6,3.68783056959159,-11.302005121126832,3.877947295423024,10.884459669884771,11.729191090269635,-6.108893576918767,,2.570941143019619,465915.49295774597,12.8764492007958,97.53240000000002,1.505050505050505,129.8143878394392,116.68105288655171,107800000,-17.301551941783607,2.494018037916444,5.752857,1.1084695,10.6408706166868,0.924242424242424,34.04879070254424,149.5,355237.13333333336,30.156144874765147,40258800,7100,59600000,59600000,154,-14.53457140664569,-25.199811941701917,5.283605546999491,134.27539999999996,122.84586666666668,115.87945000000008,3.531532624510754,4.304764283330542,74.25,0.9903857880504331,199849,125.24807087558422
HTFL,NASDAQ,"Heartflow, Inc.",4407766356.988904,50.691,Technology Services,62.27347611202636,47.572770817980825,80.0811033832371,-33.543520001817825,39.922739412438006,,,-154732000,,20.145431366209614,20.194683133136852,-34.3138040787457,15.714582435603724,-154.233931386728,46344.0000,44776000,16132000.000000002,,-61.3351399184411,0.0969766951348994,59.505978602894906,-55.8165743251208,,,Buy,,19.4977831265022,-5.06626914901896,-4.222368681210044,-31.859287236343835,48.90778184569846,-7.851936150182636,36.87810309372054,,208818.505338078,,74.4388,-0.6849749657338904,40.92115922755428,33.5908147816694,176786000,51.45204660890351,95.64260903126207,-0.414933,2.692547,-30.0554049275021,0.0804062298195931,-65.18585675430644,44.777778,2185338.533333333,67.40651582922976,86953630,843,-59048000,-59181000,51.778,9.934938191281724,10.149934810951757,2.38520736993366,37.30722,31.04433999999999,30.760329999999982,4.85608448383128,3.941131971665125,20.13,1.0308115363641748,787819,46.76676138193273
DIOD,NASDAQ,Diodes Incorporated,4177350148.610529,90.71,Electronic Technology,31.209754760926156,21.65876596070036,30.6076670108592,9.253997610104225,13.038699737628898,48.855496310658694,27.939422182810862,-286554000,17.629304735138753,2.382485666630695,2.5795062346153292,4.80460549174672,2.1312167929827495,4.49626103696554,46331.0000,372346000,53194000,35.515655791548056,3.50425826639325,0.045589793786921205,62.04001429081814,5.26626799058446,3.812189024615975,1.376817699647035,Buy,7,7.53410889175722,0.9865389146556727,13.122478386167147,1.7854915333989307,-0.6163963890363957,0.8140806681314808,10.942443455889151,-1.5904204245872067,185514.207034673,3.60105351272995,97.6251,3.068294363346682,93.19656435287148,84.41441327679495,382163000,-19.902869757174397,34.1467021591245,3.246667,1.895877,13.5143484239734,2.31509710201094,1.2295908083047762,162.5,622897.0666666667,48.12095517796002,46051700,7989,137151000,142510000,125.99,-2.8384747215081467,-10.090197244523745,4.835980976342603,91.95769999999997,90.79063333333332,81.90247500000004,4.2243221308135075,4.304439800669504,42.28,0.835418932513492,85145,91.53186286200982
CECO,NASDAQ,CECO Environmental Corp.,4091688292.3368635,69.86,Producer Manufacturing,22.60834333265804,53.708108807870936,29.7193668537111,-0.7079202614733574,38.794622293357804,,29.798770854021,206814000,56.24757731737622,5.320082212841921,3.3965658146842492,5.81805016098816,1.966876737135624,-2.57852888230334,46335.0000,33226999.999999996,233520000,-148.1732448480615,9.62243510993965,0.37181252282188904,42.28105906313645,-3.38916618318548,19.632863413158397,,StrongBuy,3,2.32699362972052,-1.9055630067451799,2.597092717448477,9.578277504283182,4.994819361793925,0,,2.6114527432287393,502844.805194805,17.7103661071765,88.1638,-0.4987011696423035,74.52485321761704,69.49888832334953,33226999.999999996,-26.49410774410775,22.798382844085076,2.344392,1.508574,9.45833130345051,0.33241357189408,-408.65051903114187,108.833333,806251.7666666667,44.74949679392307,58569800,1540,-5482000,-21599000,101.2399,-9.8696942330022,-9.449125081011026,4.272076437370335,73.96650000000001,73.74960000000006,71.24970000000005,4.9216157909640454,5.478870473333168,42.82,1.0216280231958919,291565,72.667382502531
DLO,NASDAQ,DLocal Limited,4015851951.608983,14.235,Technology Services,26.91463414634065,55.839942602685845,33.9054027742541,38.57699478870873,46.59854096788136,20.823581041544763,17.197075953450106,-733784000,11.757834011197438,2.348833503165709,3.1335278366476436,17.6842471693994,7.599498171529241,41.2815925392301,46344.0000,724978000,2309000,34.6464447508371,37.0163262235267,0.124703839718055,-4.270342972427706,15.043484161027,60.04593609916016,0.6063085740441787,StrongBuy,5,2.87993228972826,-9.547437506399394,10.949166308346367,42.88644244462322,-13.395056600933103,2.0199235527930024,2.807915602508078,-2.872661360726911,858388.5400314049,37.1972540703195,50.199099999999994,1.5234226591257314,14.527323523274298,13.605160757772172,824067000,10.95089633671083,13.562026326286393,0.827757,0.87143826,19.9767533793115,0.139719056830144,23.13333333333334,18.6,2273620.8333333335,42.17089549442819,165878000,1274,421873000,450739800,16.78,-5.853174603174602,4.362170087976531,0.47367144212969947,14.76070000000002,13.365166666666664,13.503124999999986,2.9723586488311304,2.387841309261952,10.64,0.5594232907109121,382332,14.737194229429813
SEZL,NASDAQ,Sezzle Inc.,3887780486.650602,115.45,Technology Services,56.95199712921302,51.65143563453628,74.6481865509027,46.47163203258424,66.07617066477826,25.10546688122472,22.008863023470656,68348000,18.13196930568728,7.3804952680749905,7.3823761814069275,40.3854578134077,16.682730447825467,88.8405817041124,46331.0000,72467000,140652000,57.78891023881416,52.9224982808486,0.52415945195366,28.951189545403775,30.3504315766319,50.258205594995054,0.4255157699854573,Buy,8,19.237599185421,-0.18674966656271022,12.608872405677197,70.05539792990855,26.12231060502194,1.696803619096116,,0.3836649920008981,2240194.02985075,103.343174998944,50.00800000000001,9.435030526437048,129.64348784606335,111.71493083620784,72467000,-24.59177008491182,74.55397641366798,5.245614,6.670571,40.7043225346737,0.106439350305264,51.01620787239516,168,642244.9333333333,40.53054334163361,33675014,201,209252000,327622000,195.71,-5.065372913411723,-1.45954250597473,6.575737998294607,139.83539999999996,111.73200000000007,100.98944999999999,4.023407749302166,4.218375380928334,49.5,0.5126209065272229,164788,121.67000093283369
FSLY,NASDAQ,"Fastly, Inc.",3744346524.8730154,23.505,Technology Services,45.77677027097856,23.27229690200324,59.0686770289287,6.757657631670881,14.777551335722011,,44.74935222433123,68427999.9999999,921.3415314462507,5.53738363537714,5.634874653107732,-11.9629263664317,3.7736848696188265,-8.38939850961797,46330.0000,180563000,367203000,48.423184492236466,-9.22072774917911,0.401983413687896,165.59322033898306,-11.802413657114,16.492628003868106,,Buy,6,2.89046884994849,-6.651699266154266,-9.33813686117017,-8.941773847055213,0.18906592098445044,-0.2618080333879476,26.06687627600486,,547384.2105263161,,93.28139999999999,0.11872128734231834,22.83278936279124,19.286041381636405,361759000,33.741109530583216,-11.234894259818736,0.525259,0.35819688,0.601013136429982,0.540096195334907,61.59223300970874,27,5488299.066666666,50.84064082600545,159300000,1140,42169000,18710000,34.82,3.5462555066079284,-12.392843831531867,1.9258500754604921,23.073900000000013,22.257499999999993,19.19005,7.397697648145901,9.220032731472632,7.735,0.9235565225249807,2803633,23.350783584283697
CXW,NYSE,"CoreCivic, Inc.",3514180387.5189924,35.535,Commercial Services,4.051878765579727,27.26896026311633,17.0873932583908,2.440640345299482,12.720745741076628,28.312485060951314,2.1605107159142722,1238704000,12.358855056504789,1.9075397407762982,1.4226667568424909,9.94240824207057,2.4429749088911636,8.77233232133371,46335.0000,112446000,1311590000,32.31077377187435,4.4742309177525,0.9364209507694601,72.16569767441858,5.14891893676259,3.0205326989219294,0.8763785419436495,StrongBuy,6,1.88396478547118,8.929465415388538,3.538044962959392,7.710409204765228,3.812439101331512,5.413353300691138,,3.548542715871133,161979.48868214802,8.03857034430415,96.97680000000001,0.576400901082103,32.407887500572514,26.002961371217136,112446000,25.876726886291166,78.47815168257155,16.4475,0.5993775,15.4345991765015,1.436592381029,5.270574971815106,41.8,1745320.8666666667,61.59657112685062,98893500,13651,53967000,57315000,36.55,4.4532627865961,9.237626806025194,1.2888861268454082,32.679100000000005,25.440033333333332,23.855974999999994,3.5657384998105046,3.6347985559734424,15.735,1.208631800903623,1301080,34.16890090102556
PTRN,NASDAQ,Pattern Group Inc. - Series A,3468152283.252702,19.55,Commercial Services,49.87469167818131,46.5807907715456,43.2313319233428,3.155300312035869,39.25895284442764,,32.124435768382,-258214000,52.26408911372466,1.0532225352194093,1.1683693369869628,1.35985655398358,5.362172955448708,-25.6799379451905,46337.0000,289049000,22009000,-315.3153153153153,-31.1834444417895,0.079472516851705,44.814814814814824,-4.56502411508603,,,StrongBuy,,9.8874583511428,-0.24225108075308013,109.98268398268397,5.002067295386978,-22.8191326021829,-3.786367762284092,1.8507465073371407,-6.1179453158318715,1087528.26086957,,26.352299999999996,0.5857313156064771,21.202650124815523,17.86867757977923,289049000,-5.050995628946087,73.16209034543846,0.608571,1.0045743,2.01519351638873,0.166120290958862,62.526766595289075,28.125,1420182.2,39.099547164135416,155696580,2300,78924000,106131000,29.8,-3.025793650793648,-6.190019193857961,0.990199574099478,22.5592,18.042133333333336,16.793250000000004,4.274878147915792,4.4474518677614725,8.92,0.8014881731875133,468566,20.38212252979072
RXO,NYSE,"RXO, Inc.",3251518634.84938,19.715,Technology Services,1.8450184501845017,25.017618040873856,16.4230579733946,-0.13932427725531174,26.1978021978022,,158.3063667825626,652000000,43.081724291841084,0.6509309631876138,0.5614003777303331,-0.229922811627525,2.1589627342115927,-6.78733031674208,46331.0000,18000000,578000000,71.37726205276972,-4.65441005352572,0.48339973439574996,14.822364589400106,-1.72442108720644,11.332604594444451,,Neutral,3,3.08361492917028,-1.0109711599401914,-0.2,-0.3051438535309503,-2.4412572474824534,0.030754859876308934,,5.981651376146789,622911.69451074,,99.21470000000001,-0.44799170036428804,21.861722280866157,20.548372659753188,18000000,-21.391547049441783,44.22092172640819,0.124537,1.9886098,1.51092133355231,0.34778303054596,0.7490636704119934,24.527778,1481938.8,41.33232994379472,164926130,9218,-8000000,-76000000,29.9,-0.6300403225806451,-13.833041958041953,1.1165133085884296,22.701299999999996,20.81963333333335,19.262900000000013,5.179054600673495,5.120371245492295,10.425,0.8419917682868526,563806,20.527822142556147
COCO,NASDAQ,"The Vita Coco Company, Inc.",3215235468.8805833,56.0174,Consumer Non-Durables,71.67329959547322,28.0838355287718,40.8969742981057,6.3998491259142645,18.171441417173583,30.918092504691465,28.58030612244898,-183337000,21.612341949926233,4.177473476427773,4.830685482919718,19.0983799279905,8.01995776513118,31.3695200782984,46330.0000,198154000,13087000,67.7903315428783,23.6374573493369,0.0350757288527927,41.95995945261024,15.5031458121464,14.441104658633952,0.45789647345241913,Buy,6,16.7865937238374,-0.21107426799236764,,27.027194905266526,6.939381347909338,0.3839221145534852,0.06543343500934763,-2.189255349636989,1814821.4285714298,24.1615694856858,84.29950000000001,2.0520161693729264,61.957187082367604,59.99853048610537,198154000,-33.683674677400255,4.607656395891699,1.96,0.7450507,19.3291105892484,0.119602003185968,112.28846654517054,83.222222,1162071.8666666667,40.802473858960155,57397083,336,39025000,124440000,85.83,7.829451395572663,-12.704690665419978,2.491502022730382,63.82854799999998,63.464949333333294,61.19086199999997,3.9882486461002062,5.0543989322962535,37.63,1.7536653564943547,341890,57.59751351963346
SLDE,NASDAQ,"Slide Insurance Holdings, Inc.",2936646686.052,25.14,Technology Services,,47.86186913958723,,68.74074855891638,36.623249216949354,6.123642032445072,6.687651812223293,-1639632000,,2.142350724403802,2.291744671658982,53.049323156682,2.431652101579994,53.8821006380406,46337.0000,1682968000,35063000,-59.701990655306446,54.684193541235,0.0323480228787983,86.6508278268617,40.0173531105991,,,Buy,,,0.8361521197357706,,39.896475218048735,-8.963113308111792,7.753639587679295,,,2293454.36507937,57.4182617692706,62.939299999999996,8.12623418243514,22.658171121757796,19.60884227846529,,47.1896955503513,46.24781849912739,3.759167,0.061828975,,0.0192834868942982,90.4350952894642,26,1073932.9333333333,61.192371204944976,116811720,504,794575000,1034559000,26.75,2.8220858895705576,13.14131413141315,0.8108558491850868,22.32530000000002,19.570633333333333,19.064475000000005,3.1192771324483535,3.9394840086016445,13.26,1.4384018702620558,404461,24.273450044006733
AVPT,NASDAQ,"AvePoint, Inc.",2804299663.2766275,13.255,Technology Services,20.29415268933928,22.03238644160834,73.3325181485867,19.44566945651578,26.934901144389105,41.972767574414185,29.522670426324733,-463611000,39.482139978025415,5.177842556240513,6.405578266316564,9.78328957078378,6.4149409322111834,16.2455156708625,46331.0000,481060000,9949000,,9.06565100669393,0.061367808567229905,-14.868336544637119,15.3342686505689,22.586974783498558,,Buy,4,4.71440095507659,-10.823637132466567,,8.124349670459322,-2.2947840862869233,3.8687021013024347,12.535250550063529,-9.587852090830127,121840.546035434,9.30637438106152,66.52709999999999,0.4573387184409751,12.939771900996927,12.408173330877268,481060000,23.30232558139536,28.19148936170214,0.448977,1.1859504,13.114391872179,0.0247446299851487,957.6271186440677,16.719974,1652038.0333333334,49.92935601098334,211565000,3443,81574000,101006000,15.89,3.7167449139280238,-0.5626406601650359,0.45977700497776886,13.1524,11.3314,11.705800000000009,3.175743242309874,3.826707259098284,8.835,0.8542285830303488,410157,13.3100023939512
COHU,NASDAQ,"Cohu, Inc.",2674621425.4636364,56.5,Electronic Technology,62.88484390191207,38.37481426448737,37.8067355530042,2.3697665998463426,12.737599526107637,,59.473684210526315,-153111000,173.19562300322096,4.798506363305848,4.980941446613088,-6.38174512055109,3.6718282390236707,-4.83648998119157,46324.0000,227053000,316719000,55.603217158176946,-7.51715252412082,0.42764024229655,146.0801393728223,-7.42747799464218,-6.563013288725816,,StrongBuy,6,5.12937732287709,5.556339589927624,-29.418695228821814,-5.900587607750466,12.152388369260375,0.06449510886203184,20.358048022324464,,158542.527126356,,96.2499,0.737787356321839,52.508651467088995,43.95431862846392,483981000,-17.34328139858094,86.34564643799472,0.95,1.5861461,2.77057022579411,0.246429175118323,99.06025428413487,70.875,943779.7666666667,56.526412314334735,47338400,2857,10734000,34918000,74.6,0.7309680870030247,-5.185433797617056,3.7180933462632555,52.07439999999997,46.67829999999997,41.720125000000024,5.486658933781878,5.307372379024493,18.6652,0.9613485666975004,230995,52.42950914451343
PENG,NASDAQ,"Penguin Solutions, Inc.",2670769415.891913,52.12,Electronic Technology,39.56124544272801,47.636553164052984,27.9239770946393,7.310961327992441,16.911400448886805,33.06686968658799,19.933346438654475,279280000,16.797263921028907,1.9380559829702282,1.9255679923853264,8.1323346897752,6.082588764716316,17.1713718657108,46301.0000,453754000,707339000,,2.18268497934317,1.60619822758113,94.69555472543892,5.84965112912997,4.0494686832141635,,Buy,4,2.27062156802302,1.011693601366446,10.796851471581954,6.8876623158384875,-6.797489488012058,9.612853598605954,5.830022633062387,2.067408410875954,471997.931035045,6.14235508709062,95.60050000000001,-1.2177534823747345,53.34629972665119,42.98831621624636,453754000,-17.843631778058008,195.13023782559455,2.614714,2.8537138,11.5379266056773,0.195341255563491,,74.285714,1433002.6666666667,50.59171122959097,51242700,2900,100072000,-67053160.00000001,89.86,4.375688394913378,-10.43134559202612,3.4459224971482416,55.3474,44.017266666666664,38.014075,4.926955712767877,4.827963332674461,16.04,0.378252025288797,347675,51.10810132989152
CXT,NYSE,"Crane NXT, Co.",2631415156.5404067,45.715,Producer Manufacturing,23.5781990521327,21.958456973293767,42.1154806145654,11.969578076899861,11.427226257734732,18.910031023784903,10.628644260218229,970600000,9.232030322178291,2.15425989047668,1.4569970602917517,16.3237007044207,2.077878041763008,11.4943470424381,46337.0000,239100000,1060000000,-7.5349015108051285,7.30761482675262,1.1585722182737102,-20.329383060299755,7.78190692772755,-9.712826809665199,,StrongBuy,4,1.78628082981421,-0.427283549649775,4.769485903814263,13.158255936313312,14.523167757669105,-0.8740544015957835,2.7766040924729887,2.462201927955353,345145.83333333296,9.116840196623457,86.2274,3.8620689655172415,49.32468627493136,49.305984909477445,239100000,-0.6843363024114658,11.012627489072374,4.301113,1.0852523,23.3346275445116,0.801724137931034,41.93023255813952,70.166667,492817.1000000005,35.5211219199705,57561300,4800,198300000,224000000,69,-10.432993730407516,-4.879317519766955,1.8092611729125128,50.7873,46.43223333333342,47.659624999999906,3.3298247814627047,4.648775645481492,35.705,0.8774045436088476,156879,49.09278769200414
LPG,NYSE,Dorian LPG Ltd.,2473318157.4615126,57.8112,Transportation,293.5735939483207,123.10944266519084,60.4981674109806,23.680255008459387,36.27362613949119,7.671032204132001,6.844039753562857,381709114,7.398067353598239,4.7462236030544,4.2579363257127545,52.0196533903233,2.000226279334573,28.34202271141,46330.0000,327409120,562291975,555.6725247955454,11.4915219547571,0.522626703958592,80.04110868888196,55.0030051738041,8.792934207829406,0.013924061715725843,Buy,6,2.85664537597507,-0.08178447879792321,7.093482947294659,12.299958230573932,4.255123679043519,0.20981692081726258,,1.367045366557461,799852.561461794,17.7260268034384,85.9572,3.423209468806784,49.22544140181743,40.012222550729135,327409120,45.76701966717096,70.03294117647059,8.446941,0.76159495,64.1549120358569,2.12884123957963,1263.716814159292,54.125,538262.8666666667,72.54290007223247,42782700,602,114023090,146279050,59.97,6.036683785766685,18.030216414863215,1.9235590097970692,48.11082399999999,41.10860800000002,37.606156,3.340735855007983,3.8814809696892314,23.76,0.9465307807794837,174930,53.41301088168984
OUST,NASDAQ,"Ouster, Inc.",2453261696.8068666,34.02,Electronic Technology,57.71367251609645,55.856087192216606,48.4287994065601,-38.285198129693484,52.45947381211691,,,-192972000,,10.776799703313536,11.255670978297465,-34.4078045161952,6.275178184071894,-18.00550696305,46331.0000,68880000,12938000,51.909156213737084,-25.7668449836869,0.0441601042800048,8.655381667198993,-26.0249771847716,55.04713126282288,,StrongBuy,5,22.4505133346935,-15.95674302336135,,-34.07127631726562,4.463593375948478,-5.666456219527558,40.42294431587399,,529325,,95.7507,-1.2496962249242265,37.792553529300825,32.80822946012968,210052000,-19.650448748228623,61.15585030791097,-0.285,3.2459035,-27.4163400957508,0.434320506166674,27.457716701902747,58.5,2308165.9,42.67920762835435,72112300,320,-64849000.00000001,-82468000,63.79,-4.3307086614173205,-20.88372093023255,2.488597201617587,38.45659999999999,32.98509999999999,30.597125000000002,4.978792031369035,5.286971827855492,16.4,0.5985274483341506,754598,36.03263815314916
VIA,NYSE,"Via Transportation, Inc.",2244664634.528017,27.54,Technology Services,34.574690069964404,26.671520446547746,39.0902638381299,-8.468769642006093,28.642893107839946,,,-351787000,,3.918574087463402,4.605275516317779,-17.4320677319439,3.627598198055797,,46338.0000,370914000,9378000,-25.19201228878647,-20.9621929585079,0.029152090621356003,-47.56283320639757,-20.0381124377927,,-0.903977255723478,StrongBuy,,7.36417418241464,-2.125206238226125,-9.656816015252621,-14.757528868336244,-2.6461313468305847,-16.741253647408037,21.14464114270716,,417631.730769231,,41.52869999999999,-0.6201712979933353,24.173419749394522,25.784577668141946,370914000,87.47447243022465,96.99570815450642,-0.032132,1.3481321,-15.6088126368967,0.0921841363985891,9.928812289246917,34,638341.3,59.40553347560177,77659430,1040,-36783000,-50443000,55.2,4.595518420053175,10.380761523046093,1.2829231329578348,23.643600000000013,18.588233333333346,20.718275,4.315226743026741,5.111583435203341,12.95,0.9409508166126015,274448,26.482758234764525
FIGS,NYSE,"FIGS, Inc.",2173945096.1064315,13.085,Consumer Non-Durables,45.348825592199255,28.812237945492665,67.4041443334394,8.398378698712403,13.597140172583241,40.48576732673268,35.60544217687075,-240844000,24.54344281265686,2.725509163931894,3.5890757417072496,9.60288869673473,4.9031914774026015,14.7622589689306,46331.0000,81985000,51829000,688.2926829268292,7.5369724256838,0.130362935584868,77.78532608695652,8.72016877019145,19.12179516471142,0.05870818743816268,Buy,6,9.92003200931863,-2.3091731146215437,,8.065348200958192,6.175373196536283,1.40090934469989,,-5.104573778135729,1626541.2371134001,8.40909704711795,95.4712,0.4982227035140302,13.209572046265103,11.9584335349218,300848000,6.903594771241835,-11.82614555256064,0.3675,1.0722209,11.1048363700889,0.055319359456445,253.77128953771293,18.142857,2762304.066666667,44.32665465842299,157857000,388,53002000,97223000,17.48,1.0424710424710546,-8.94224077940152,0.6578029723223995,12.695100000000004,13.09146666666668,12.68049999999996,4.323524902877998,4.739225119916949,6.5,0.6696820783411699,579042,13.694496146649271
FLYW,NASDAQ,Flywire Corporation - Voting,2118234101.2154539,17.41,Commercial Services,20.165433911128677,27.183810874130927,55.2615277672668,15.74045985313591,26.594045645177022,66.04704097116844,41.97426092994325,-353649000,24.842118816295216,2.558410485798169,3.0415059645316713,5.93787576835431,2.592753098719707,4.23054381785604,46336.0000,330303000,0,541.3625304136253,1.63606147624941,0.00180384280973316,26.987600291757836,4.76989312412233,36.43607489978875,0.12424391740976282,Buy,7,4.4290213254783,1.7161062452629439,6.234826999432786,2.610583765432209,8.642134885698944,3.4553782302910467,10.193330925725292,-7.114815112863638,445017.85714285704,1.63606147624941,93.1123,1.2945122464711318,17.750981640869508,15.677747371918029,354995000,11.602564102564106,47.04391891891892,0.414778,1.3068008,10.2986806589138,0.130926661756386,32.38578680203045,21.285714,1428295.6,41.29349479590439,121668000,1400,98067000,158454000,19.73,-1.915492957746478,-5.891891891891891,0.6144902338540167,17.879800000000007,15.389399999999988,14.933499999999995,3.235600189743696,2.866472165489536,10.55,0.5703339429714868,342189,18.05860578137612
ICHR,NASDAQ,Ichor Holdings,2014423462.095855,53.7836,Producer Manufacturing,53.92453430982328,22.68098299935493,9.51394519775014,-0.6630070954316564,11.614529350796193,,34.25737554347618,61901000,41.831316169237695,1.8861671195337872,1.896305399973759,1.32231290825979,2.3230860335205183,-5.16592247974538,46335.0000,98290000,142691000,-92.81722550953319,-6.35867781040584,0.178096515643613,211.06766917293234,-3.97384375302095,0.7205556475821107,-0.48634376802448526,StrongBuy,3,8.05992932085136,-1.6959296141690405,0.14697885196374622,0.11630513063409008,-4.931491739661187,-10.054390440293748,2.4361263417372623,1.795376761993155,501138.022210471,,97.7157,-0.705327618687521,64.30269871812219,58.169776635838694,98290000,-44.10351278320516,5.437365222505395,1.569986,1.8086708,4.50898344174228,0.694997688712601,,98.875,634427.4666666667,41.168048912117484,37454200,1891,-6283000,-25605000,113.58,-6.47956877064858,-20.450229256027214,3.802174845093809,68.30967199999998,66.39365733333332,56.06974300000001,4.637773451424962,4.091069284038587,14.06,0.6573114758129626,180059,56.90462431013981
PLPC,NASDAQ,Preformed Line Products Company,1999478687.1849506,409,Producer Manufacturing,31.79299265329699,25.400793627396062,31.4394957812891,4.9802939620938895,12.737445975671788,46.106326374171445,30.821401657874908,-35497000,21.73303201621014,2.6680812629583675,2.675204274780285,8.9844694692328,4.03646755992674,9.02207627300506,46330.0000,83389000,39317000,3.636894678427469,7.33277427761792,0.10407386213130099,102.55546751188591,5.82215887212813,7.490049546327038,12.80230251093905,StrongBuy,5,8.98787046123105,0.11873117605122815,42.23714504988488,10.959054138145612,0.7944971168307023,0.8112614604978566,3.538869748916093,-0.4547108179081535,179254.954472416,6.967881629131801,52.0913,7.17939090529829,398.43956817268446,329.3557114005295,83389000,9.49002810868692,56.37545402408716,13.27,0.92883134,12.2766177354743,7.86983729662078,74.96977496977497,480,82254.7,50.70530917708224,4888700,3734,33335000,34418000,504.69,-0.8701131874257677,-8.04029139311089,22.05774357101151,393.5186000000002,345.9799333333333,318.53335000000004,4.557391478955332,4.599015415135839,184.02,0.7410966545467714,30122,407.84306847131916
GCT,NASDAQ,GigaCloud Technology Inc,1917996904.5044215,53.71,Distribution Services,37.18548554790581,27.599300694941377,23.9614160363743,14.1706663400156,11.098220391645244,12.724774337226657,12.05611672278339,52867000,11.405266997677456,1.394927095580916,1.3245292510607458,11.6459008970923,3.6410671153542395,32.3435187324092,46352.0000,380540000,369011000,27.059000602046968,16.5943886487792,0.948004112182434,79.87273945077027,10.6465255067113,36.17382051727238,0.4653572168400673,StrongBuy,8,3.36412084762054,8.15528793658502,728.989999999486,17.499536399967475,-4.008369516136052,3.379503642596269,0.8340200806731087,0.3425914525483589,784608.880779142,30.8349120554731,92.8674,4.383187681667827,47.72411819883112,40.50824648140608,416856000,60.71214841412328,25.99108608960825,4.455,1.6474017,12.2305518657738,0.324155130971125,27.760008823205045,65.5,550434.4666666667,62.145007373866896,28839563,1644,182787000,160189910,56.27,1.9552012148823104,7.420000000000003,2.3903920393153064,46.9211,42.03890000000001,41.52930000000001,4.46407102243472,4.133234790444403,25.39,0.8337684151551668,356627,51.24424349603387
AMPL,NASDAQ,"Amplitude, Inc.",1669497408.2085445,13.365,Technology Services,14.045381466195947,21.155278011288576,72.2776191404737,8.217322137208855,14.682963992622097,,181.95556281653325,-182433000,,4.109884654468037,4.772664937534893,-27.2218052242573,12.247647150463239,-47.886707304752,46336.0000,81119000,6882000,-0.6268338223526175,-32.1642121782344,0.07127123746310521,16.015625000000007,-26.5868701735454,27.349937974490103,-29.199943600806684,Buy,4,0.298994681131266,-8.642489203392484,,-34.451390184735956,-15.042644835553526,6.829720096561958,28.431823876648387,,440017.94871794904,,82.71329999999999,0.2275776781573659,11.749272339628767,9.746400159607104,192001000,103.734756097561,85.7539958304378,0.073452,1.5014031,-24.2813908202869,0.0515303756376565,-42.492012779552724,13.772727,1820911.0666666667,56.718067483108605,101261630,780,28203000,29444000,14.76,7.005604483586869,6.324582338902148,0.6349639109900885,11.554299999999996,8.58063333333334,9.005849999999992,4.514277488765189,5.017409004398373,5.51,0.5791390018668203,372504,12.998945222154719
GENI,NYSE,Genius Sports Limited,1608848374.676697,5.795,Technology Services,23.378300803673937,30.53038037099541,22.5048706987175,9.640785733596818,31.042642896569543,,,-250064000,,2.0211008124979983,2.446620825341651,-16.5244936575794,2.1470835602683946,-22.5973759941733,46337.0000,280559000,25471000,-209.27521540800805,-16.819058816436,0.0439505739470205,-52.73246329526917,-22.2654706006027,34.92166857296639,-0.05074403581831081,StrongBuy,3,0.905375805831711,-16.64658388674164,-17432.166666666668,-15.290256560192969,-9.295692156063016,0,4.643392199125004,,247958.888888889,,90.88799999999999,0.10668450240882453,7.02853904330698,7.199992249545352,280559000,-6.077795786061588,21.488469601677156,-0.300605,1.8813015,-5.80110729553578,0.301135551061279,-523.9393939393939,10.97619,4999685.533333333,29.4600167448002,267627000,2700,64544000,28738000,13.69,-14.77941176470588,-22.423025435073626,0.42818297265991606,7.213699999999998,5.948833333333325,6.910399999999998,5.587331234925436,6.4963658043208845,3.825,0.9697303421921293,6121312,7.018662475146521
APPS,NASDAQ,"Digital Turbine, Inc.",1300924698.2892334,10.75,Technology Services,67.38845649996146,26.77619418602876,38.263524723975,1.978943867414653,15.238345708309378,,14.827586206896552,330931000,12.71505092050858,2.688467750370199,2.203144252616989,10.327865029285,6.824746849506396,-20.3898671861785,46337.0000,37960000,358711000,60.188289914882645,-6.7400958175394,1.86833655137676,101.31086142322097,-5.82317743558307,12.506826258329816,,StrongBuy,7,1.25898740488094,-13.528854510652344,0.5918060771594401,5.7971838475488475,-5.597025171624715,-4.446298857732949,7.1359449165061175,3.11819578060662,911695.161290323,,88.28590000000001,0.2526849642004773,10.616474885119477,7.740102775482352,37960000,22.857142857142858,231.7901234567901,0.725,2.879121,21.1439794238957,0.245972553699284,29.024943310657598,17,2680573.4,47.05438442239254,121016000,620,11186000,30492000,15.335,-9.473684210526315,-10.379324718632757,0.7781802058404493,10.639799999999996,7.265066666666667,6.700400000000005,5.934184138116864,6.326110530358179,2.74,0.6310740780696256,848496,11.094680803054738
ROCK,NASDAQ,"Gibraltar Industries, Inc.",1277000930.4666514,43.02,Producer Manufacturing,49.079733729488225,64.62649870604845,25.4453769420275,10.644728626394869,10.958226780631234,,11.193409470373762,-58045000,12.67038394715714,1.8202718236373387,0.9059458331978519,10.9441209413467,1.433578050193893,6.24079936560914,46324.0000,115724000,46199000,-221.33860153256703,9.38148513575631,1.53721574579681,-27.38014854827819,4.17057257165707,1.9184782695182978,,StrongBuy,3,1.61359832869971,2.655421210424014,,13.223491865670315,3.301585889238181,0.3995298576748561,,-0.332089915153873,493696.086956522,,98.56799999999998,1.4317152537824145,45.11280860753685,46.49731440353598,115724000,3.737641668676162,6.988311365332012,3.843333,1.2269108,14.3663509427096,0.951491160387802,-68.5006877579092,75.25,251567.2,40.761092170191105,29683900,2300,120871000,42678000,75.08,-5.533596837944655,-9.010152284263954,1.8794320927066508,45.779700000000005,42.64700000000008,44.88510000000002,3.762790397540752,3.517637505525324,33.56,1.0217066006236997,215329,45.32243647895117
OMDA,NASDAQ,"Omada Health, Inc.",1236271281.9601614,20.195,Technology Services,58.530575673859474,43.12134395724365,68.0761495226934,6.506283386495523,53.24499411071848,306.9148936170213,61.463123647552585,-222036000,186.80892689378777,3.2753181730318133,4.093727736724358,-0.149793872010175,4.842693396000191,1.84386865487533,46331.0000,222036000,0,,-7.88565856789331,0,-12.11923411662315,1.38979012716338,,,StrongBuy,,10.3619369288097,-4.816022577359425,-4.724546172059984,-7.330865626310777,-8.250656503146631,-1.3624841283454479,15.600860843165137,,284072.052401747,,49.1802,0.35537241778347695,21.593047690965964,19.438601171258647,222036000,16.73410404624277,44.9748743718593,0.328571,1.8455634,1.75329853208462,0.102491125463274,,28.416667,1304859.6666666667,39.82877695535782,61216700,916,16930000,22725000,26.915,-7.063966866083755,-16.238075487349644,1.099263979583822,22.324899999999992,17.733700000000006,17.07519999999999,4.764208790020576,4.01934235280792,10.28,0.7914893915799877,338515,21.57386989362906
RDVT,NASDAQ,"Red Violet, Inc.",1226309810.6724586,76.42,Technology Services,28.714962242416487,22.705979608707633,73.5192833988063,31.89513805788237,20.03351554083709,67.66424650256774,49.47943644462861,-40765000,40.885865261217184,11.906171401315438,11.26505188006827,17.9392666350242,9.664035044456837,15.7599437969762,46336.0000,43557000,2396000,87.57681448264408,13.7345598446326,0.0237160878758556,52.07960199004975,16.5375720792139,21.146619365052022,0.7797045945191048,StrongBuy,8,63.9212867185569,-1.5428811992024594,,13.171191402333882,-4.373296766242558,0.329199029875352,,-1.7120957580848384,361008,14.0265944401199,83.2339,2.323211352293044,69.68471679013291,57.05638616183763,43557000,35.64075257365992,96.2506420133539,1.54448,1.8040812,29.1205073568767,0.891218829377742,85.75297941495124,85.6,247937.93333333332,59.2395950563684,16047000,250,28786000,33604000,80.29,3.8879825992387156,12.465047829286238,2.8671792625540653,69.95949999999998,54.24966666666665,53.37682499999999,3.33846780536394,3.2698104925046416,33.4,0.8524491347348685,59116,73.97811139618933
AVO,NASDAQ,"Mission Produce, Inc.",1124913949.2271266,12.83,Process Industries,-3.1390134529147984,25.80374615599664,11.2812850205454,2.6739505462909716,12.675143759617722,374.0524781341108,20.365079365079364,134400000,17.632583234887854,1.218538624749441,0.7712191983414255,3.82517743742996,1.4724008051725679,0.240114054175734,46373.0000,66500000,183200000,-93.74772147283996,4.96313849394418,0.678795811518325,0.46985121378230615,0.119536794919686,10.038899049593875,,StrongBuy,4,2.17780216810442,0.48685205438240103,7.606382978723404,8.558262014483212,0.10172939979654191,0.8889568848239913,,1.2667295004712538,366105.263157895,6.64551383747576,60.0988,-0.02776193101273605,12.778470887840722,12.678831200776632,66500000,11.082251082251076,2.6400000000000006,0.63,0.48069093,6.91072095629436,0.52626964876317,-137.94103431609471,16.5,658021.7,50.36046507752703,87678400,3800,37200000,-2300000,15.53,-2.5816249050873186,-2.6555386949924102,0.4584540894327027,12.896800000000024,12.948800000000038,12.87795000000001,3.3171152426181014,3.729255950677838,10.07,0.8955501971664757,308837,12.803850665287511
AIP,NASDAQ,"Arteris, Inc.",1088719131.839517,22.15,Electronic Technology,40.36131774707758,46.24893952248214,84.5984754476157,7.5730741438671565,22.269766474949762,,,-48729000,,11.525664856580004,12.498682777403513,-44.4247473852154,16.054912875822676,-131.412419985036,46336.0000,33998000,3568000,-7.368421052631584,,0.128350622100068,133.15789473684208,-46.7044850203865,17.278095669286706,-3.4609308839814994,StrongBuy,5,7.98920617919794,-8.701990348124799,-171.69430051813472,-74.730503811285,-46.51528718345489,-6.7967024585095235,70.71225151957381,,236050.16722408,,80.32509999999999,0.14311540146143964,26.032149399976788,24.54603210304613,54696000,-49.4984040127679,38.78446115288219,-0.175,1.9131628,-39.0498138627903,0.0368047293146475,-36.28034814475492,41,664275.7333333333,43.04329001451646,49152103,299,5345000,6766000,50.26,-3.1905594405594426,-14.98752638649012,1.4788315838592498,26.786199999999987,26.93366666666665,24.26295,4.925105996896834,4.94130564836134,9.46,0.7944077373759433,131938,22.85916650801742
NPK,NYSE,"National Presto Industries, Inc.",1070267328.304971,149.98,Electronic Technology,54.59899818351956,21.707942780761982,16.1676283916641,-7.183570197249783,29.69801250811379,25.043832551304956,,29310000,18.826905052328158,1.9518862018410243,2.001093043451121,9.32913026156594,2.602316335685967,10.9023398901871,,3252000,8925000,2.576092355651464,8.47130398267024,0.022318617164837802,32.036270798485766,7.85964628837797,7.384332682984751,9.857757198042181,NoRating,5,9.35789081092169,-0.2550384591297417,,10.830114588574432,12.701127104403792,-0.01093184823134777,,0.6096343441906901,419603.333333333,6.8008208032365385,73.42349999999999,3.687874982558951,142.72186089819107,130.05152262076106,3755000,15.15663390663389,12.050803137840864,,0.4918628,10.3675362276268,0.981442723594251,207.0051324732973,,94221,54.65968710857743,7136070,1200,-36171000,26431000,158.17,0.16027781487911089,1.8332428028245442,4.677816478940452,138.93880000000004,135.83206666666666,130.45065,3.3244434630260242,2.9291640825972234,91.28,1.1855954980814256,53193,148.8856016432574
QNST,NASDAQ,"QuinStreet, Inc.",1003579101.0322579,17.58,Commercial Services,78.85457809694793,42.67173941248752,11.270591909173,9.886744499548586,18.286457757122314,12.547284276639783,11.056603773584904,-50656000,14.545779414950816,0.7365805535020606,0.7912158424749866,3.27623149510865,3.0739693547287192,28.6474496417085,46330.0000,128315000,74905000,1687.1173469387757,25.0175925398392,0.240361878350439,6.35208711433755,6.27921824950221,17.465085883765497,0.0074751881031038395,StrongBuy,6,3.2406564486075,1.1636653172668754,10.461871158661507,12.602020041376985,9.498656595988919,2.813330804812413,2.883408362912302,-0.7121207861219669,1204573.55679702,28.6474496417085,92.2368,2.207978732586442,17.838718250450242,15.474444000983434,128315000,37.129485179407155,45.2892561983471,1.59,0.699309,5.06387820473181,0.247199157589463,499.81818181818187,22.8,1039684.4333333333,40.616546730150624,57086400,1074,127906000,127906000,22.29,-3.4065934065934123,-15.521383950024031,0.784127242942077,18.172500000000003,14.407466666666691,14.3128,3.979529780248628,3.7294242522868473,10.285,0.7489276873106245,240692,18.50922700854379
GHM,NYSE,Graham Corporation,975347465.6936138,83.1,Producer Manufacturing,21.064053202660133,28.574260637626832,22.5799163692619,-0.049328761929610714,16.86406601364485,79.75047984644912,52.862595419847324,13613000,36.40747315496317,3.6576441929236054,3.749560402530363,6.58477185350836,5.070415316437237,7.48906774827302,46335.0000,6580000,18364000,-16.846221370999924,8.80858590485318,0.0353389248475515,58.46681922196796,4.52502029500513,20.266842149901997,,StrongBuy,4,6.49211352542166,-1.5592038888379338,,11.018401251583104,12.246613270048453,-5.197532344429603,2.590371514882202,0.5645736562707366,335099.726775956,9.61938035799486,94.9468,-0.5223740392826643,95.46845161321019,88.55345453799525,6580000,-29.42075760149482,0.9843237331388844,1.572,1.0488845,10.0464104645642,0.995644748078565,-19.783913565426165,130.75,172599.13333333333,36.46851947572591,11737000,732,-121000,-6117000,125.82,-5.028571428571435,-26.093916755602994,4.683749331271299,98.51559999999998,95.8248666666667,89.30165000000001,4.598783422187826,4.952934710273736,49.19,0.6301856996648343,57178,89.33465277987342
MNTN,NYSE,"MNTN, Inc.",849763918.8561342,11.36,Technology Services,26.46475155578674,20.562372188139058,79.9119780679218,19.466515910414937,28.603854218849058,15.122470713525026,14.419482548745085,-210160000,10.409471929436839,1.9547472763822735,2.8437392026323605,15.0498993077608,2.521508288126715,19.6756028804287,46336.0000,210160000,0,,-3.50166882364962,0,-44.34100930916218,17.9985382869872,40.96562940318063,,StrongBuy,,7.03519136630431,-18.60674363173247,,13.048179683421052,-11.764690766684826,-0.13144827348089713,16.973522284232985,-5.799757147588035,,,59.2982,0.9270942303356778,11.456910972114585,11.322694883776213,210160000,34.75682087781732,25.524861878453024,0.787823,0.94596833,18.7785440955411,0.169231890159615,,17.818182,900092.7666666667,42.52369858254779,61892532,,56471000,72910000,20.6415,-3.972950126796286,-9.554140127388544,0.5864344795275248,11.22639999999998,10.004266666666684,10.307099999999998,4.614110561335227,3.350077321833192,7.67,0.4452128587468021,199070,12.002429404634707
EVER,NASDAQ,"EverQuote, Inc.",809633280.8409787,22.975,Technology Services,25.65437092768155,24.552924426511055,97.6460477914401,13.042781374138833,38.45158839640936,7.478841145833334,11.45509925176638,-168812000,7.159055269837904,0.8199945985569066,1.0959768299174533,11.0000291314331,3.1530480608239784,53.6144902762004,46335.0000,171379000,1370000,147.44260974627466,52.644245423294,0.00756684762713316,-5.955792058943914,15.1588060349736,14.82513546779134,0.05053608239722754,Buy,7,9.49140519221064,-1.8874896328265642,,35.15494623883056,2.749049441288663,5.859813464031545,4.549176126066936,-2.39861322269427,1945283.70786517,53.191683091953,83.6717,2.631018556929119,24.164366284346425,22.191671786256393,171379000,15.801411290322589,46.71136653895275,2.005657,0.66531986,11.453949825079,0.153903592466606,37.21230928368244,29.5,533714.0666666667,39.77361729950331,31682100,356,90324000,95135000,28.7299,-2.6895383312155783,-6.109521863506324,1.1263117036648045,25.02889999999998,20.286699999999993,21.31567499999999,4.572863966263754,3.926503206106214,13.88,0.8117362734782101,189884,24.293478733270305
TRNS,NASDAQ,"Transcat, Inc.",781638030.0070357,83.51,Electronic Technology,19.027148445064096,21.617554694860253,32.4964552035316,5.891339261232324,19.199701171966197,228.9827255278311,44.068601583113455,128320000,21.3748493809255,2.635428532904999,2.318777490111882,4.42884287510261,2.580372054363629,1.15747310789591,46328.0000,4942000,128884999.99999999,-74.58005157872726,1.39877789067104,0.472926619104058,14.491362763915557,0.989098674504446,13.872322423411077,,Buy,4,3.96021716273053,-0.19443227878537633,3.4143850499782697,3.8559556514793267,13.844994561177135,0.07394727198659938,,3.0636265966336396,234874.026893135,1.83013077469068,97.5135,2.677293360076005,86.83767574737635,81.91134384526504,4942000,-9.16902327604959,16.082846816791783,1.895,0.6731393,12.3295770928651,1.5498786023435,-59.54506190613302,104.333333,108224.63333333333,43.74515795675234,9359810,1413,19552000,25362000,100,-0.10765550239233158,-9.060219971686806,3.4997641694703328,88.12230000000001,82.66036666666666,77.45662499999999,3.654192103286517,3.8465197619104403,50.23,0.7843661787182351,37037,85.5095811684946
DSP,NASDAQ,Viant Technology Inc.,777821497.8333334,11.69,Technology Services,153.70306874678553,33.91134574133303,76.5079871711051,15.014773344644553,19.003924144726607,84.52639190166305,65.4773573809057,-169403000,4.995353843804323,2.0908331518652177,1.6789638667895335,36.4871891232387,6.84762998195834,12.3270368846061,46336.0000,191151000,16668000,311.60714285714295,9.60430537827302,0.195136140468404,25.294748124330113,2.23579014563782,15.80667868328256,0.2325081267209069,StrongBuy,7,4.71702679870909,-7.482356914386282,,48.572141714017235,-4.616538470451667,1.0157857583017043,7.949134372067483,-1.0109326792822146,905792.105263158,12.2845207977878,94.6597,1.0143905386061365,12.389653679991826,11.820145100368302,191151000,6.36942675159235,1.387684301821337,0.178535,1.1309837,41.8555565279615,0.301810141926807,-138.63636363636365,19.291667,380307.8,44.506451570326035,21184100,380,51681000,66034000.00000001,14.8,-9.097978227060654,-9.379844961240316,0.8870829485586081,12.403499999999973,11.56083333333335,11.583825000000008,4.913238220081311,5.7198141731533205,8.11,3.700775471446451,1511794,12.442040928220578
LYTS,NASDAQ,LSI Industries Inc.,751188530.9793104,20.16,Producer Manufacturing,41.437158200719324,51.30298516125288,25.14066640847,5.657988067833193,20.23450539522862,29.910979228486646,15.389312977099236,292477000,16.080637437664638,1.5138817415499493,1.1098206113458577,7.01134469688728,2.066592244743567,7.63579241764021,46330.0000,14249000,284393000,-14.791403286978507,4.84099375552756,0.850417409482723,-12.347826086956522,3.27518106403132,16.913100055828888,,StrongBuy,4,2.50488668462887,-23.01911405574375,8.161605937921728,9.589252869918182,36.62944160075535,-13.640383974768397,0.4496683333405861,4.503318090135033,217132.91338582698,5.35611114651311,94.948,1.0349164234544972,21.83649437691604,21.91984087386916,14249000,-21.8907400232468,3.0674846625766947,1.31,0.5151829,9.41431424853894,0.136428760944548,-30.856709628506433,30.25,441717.7,40.01819632926902,37261300,3175,39006000,39006000,27.36,1.408450704225358,-17.410897173289634,0.747067409196702,22.380800000000004,22.356466666666684,21.782249999999994,3.907946678965415,2.6569679402913677,17.205,1.204716190859633,220986,20.61465546281318
WYFI,NASDAQ,"WhiteFiber, Inc.",718301723.0638297,18.49,Technology Services,72.47491857341547,59.491803271974156,32.1524483557056,-281.37366586741103,78.83687613556975,,,-757187.29804125,,943.283444586219,904.1930406653807,-37.1282760267232,268.08757430766997,-13.7709352089862,46338.0000,943855.251924842,42100.793872421906,14.03508771929825,-7.4367595621657,0.9519541415470719,-14.398148148148161,-47.0700055069082,,,StrongBuy,,209.662305364869,-0.22020393157981405,,-6.588554757698982,29.55526538773566,-0.18514214750087055,,-28.713966554465298,7439.70599716327,,24.4028,-0.07158643034511056,22.51269560617102,23.41562412857918,943855.251924842,-47.48650951434252,23.266666666666655,-0.987861,6.284004,-1.910470842817,0.101055763826075,-72.22222222222221,40.818182,2468956,43.25418807082256,38848118,83,-1737470,-2767740,46.8699,-3.3455305802404633,-16.44826028016268,1.8367375500379077,23.504800000000014,22.606133333333336,21.534424999999995,6.929067115269632,5.268398409510809,10.5101,0.44650281203955455,445552,19.62232059228534
HYLN,AMEX,Hyliion Holdings Corp.,717960785.382353,4.02,Producer Manufacturing,-51.515151515151516,226.3366336633663,-77.3223748242673,-2022.705035971223,130.28495692511598,,,-87993000,,71.03166274276553,78.7327558429761,-648.675246025738,4.23478847126243,-27.0803224626306,46337.0000,22938000,1646000,8.702384639207189,-25.8529418412785,0.0179663676204295,124.58100558659214,-564.345193035579,,,StrongBuy,4,53.102829211035,-1.9850130712857492,,-29.40619413223159,-35.15884829459764,-0.00041785011954411104,1063.7985611510792,,30752.2123893805,,69.3377,-0.31728585107635426,3.9114169670026406,3.40922143857792,92365000,-49.62406015037595,112.69841269841271,-0.3,3.5423565,,0.0798636569173415,-1.960784313725492,8,2653795.566666667,56.69454900730122,178597000,113,-70289000,-56617000,8.49,3.3419023136246646,3.875968992248048,0.29594572446502804,3.762400000000001,3.5633999999999983,3.171649999999999,6.098525713582804,6.227027899490601,1.5601,0.5781643879286316,888197,3.8078963879960352
SOPH,NASDAQ,SOPHiA GENETICS SA,705709692.3317702,8.29,Technology Services,22.746536267227764,27.217158762117215,66.6252741768924,-49.93464559736997,18.56290181556916,,,-7269000,,7.658055779213168,7.309553373981776,-84.3292675850316,8.49045975481109,-101.217696014675,46336.0000,70289000,60320000,-4.799198615790909,-68.1628162824341,0.743846098318054,152.7439024390244,-93.8619192962474,22.162985717872807,-1.5444734757571534,StrongBuy,3,-1.65519322802034,-2.6980531537703403,-15.574220465340652,-58.486886321315936,-18.649169496412103,-10.203658364906842,43.44061808440422,,186195.180725093,,72.02390000000001,-0.6192266726595667,7.372767582645911,5.778766342731574,70289000,54.95327102803738,73.0688935281837,-0.938,0.9822503,-72.120417328669,0.147408286124194,9.041754280564723,9.75,625076.3666666667,56.712970710019064,85127800,415,-38585000,-45722760,8.98,8.507853403141354,7.244501940491574,0.4507514960260915,7.235,5.726500000000004,5.530025,5.57147823051157,4.576838430388623,3.21,2.3944137706181565,508034,8.003207644755758
PAYS,NASDAQ,"Paysign, Inc.",695896057.2987118,12.325,Commercial Services,61.46428857585644,48.08443370347535,51.6813642996903,54.176579520675915,40.49636965613781,48.12573213588442,35.72463768115942,-158959317,19.824296792192644,5.217731498798598,7.648246283523563,17.0060096777127,11.564083317695626,30.8176670855448,46336.0000,164984711,5273891,111.3036303630363,17.4229600145186,0.09492363499847549,111.40651801029158,15.6725626610849,27.73666915163977,0.4357151768168766,StrongBuy,7,1.82663187464218,-2.920602946651237,,14.981382171951644,-12.460742624092818,0.4305267961467938,,-10.214318935382718,362956.530973451,19.1345255346568,72.48880000000001,1.0977785732888679,11.518213867995211,8.075181352031473,164984711,66.10512129380054,287.57861635220127,0.345,0.8008203,26.3198818777445,0.11873689311351,354.16666666666663,13.5,740902.9666666667,49.052448305701034,56462200,226,44440060,68035410,14.43,-7.816005983545251,-8.70370370370371,0.6911447858858991,11.439999999999998,7.702966666666668,6.960975000000001,5.533440999130913,5.926083750151036,3.08,1.0580878168681684,208014,12.570719609042923
MAMA,NASDAQ,"Mama's Creations, Inc.",625646891.7765064,13.27,Consumer Non-Durables,49.09360392201573,55.04928557225236,24.2540890874576,5.687946236183421,39.23358847950182,77.19604421175102,55.005181347150256,-5486000,26.733644819876286,2.3966265832702462,2.8481337366493444,5.17247991409561,3.7371123133203974,7.50686572619332,46371.0000,19951000,11494000,50.26223776223776,11.2287708043462,0.0771537459828202,30.225711481844947,3.54451496615597,33.32674567867344,1.5173472949389184,StrongBuy,5,17.4397811876147,-8.141823598255133,17.822033898305087,16.3024835511972,13.84960815216218,-20.385780170320245,0.1677207449596422,-0.37304501563987486,295549.053356282,13.6384746374942,98.3166,0.381583883139522,16.041652956932854,14.995215538387919,19951000,-16.435768261964743,-11.118553248492967,0.24125,0.55821353,8.96483288911047,0.0372912023654538,76.32398753894081,22.285714,673051.6666666666,33.36006334955724,47147500,581,9767000,17293000,21,-13.154450261780104,-18.488943488943498,0.868857673004405,16.75130000000001,15.970800000000008,15.454450000000008,5.266071926366304,7.903168327070122,9.9,1.9260838300679595,309669,15.14048849671299
SWBI,NASDAQ,"Smith & Wesson Brands, Inc.",602869490.1361591,13.445,Electronic Technology,46.19008788620098,32.33541380161501,27.4411720963301,17.26598516736821,10.361921455522994,24.82459379615953,22.78813559322034,19790000,9.743400799019643,1.179625957435983,1.0994661868781215,6.60555650271876,1.6132360952127265,6.63341828335914,46359.0000,28190000,51284000,99.77867945407597,4.04657690817088,0.19469256252308,43.3368869936034,4.4399786706907,-13.134889549001494,0.24666852783701065,StrongBuy,7,5.30054200794871,-1.1210963971472165,3.9929028666852213,5.973819128171763,-12.767535635150553,-0.26158232018738115,1.6487701514761046,0.3311579651941098,377954.545454545,-1.3041782160296673,96.622,1.8047541560383498,13.834224255986195,13.366186173836269,33351999.999999996,-14.905063291139243,-6.567060458651843,0.59,0.8729007,12.106922231452,0.691265722578943,,17.25,588576.9,49.6497521295239,44839700,1386,90447000,82073000,17.5625,0.33582089552238753,-5.781359495444985,0.4421027075154001,14.058800000000005,14.32806666666667,13.411049999999982,3.461480360178765,2.530824576973144,8.135,0.9423823303729577,157854,13.345556557423746
CMCO,NASDAQ,Columbus McKinnon Corporation,451436776.5972046,15.64,Producer Manufacturing,61.647437463181944,125.27170227195658,23.7872332423546,-13.747527129308198,23.92705500468834,,7.769193360022136,2392163000,26.01545861681042,2.4354024579025304,0.3043682034557607,1.43835561238744,0.800932851203166,-27.7766705327565,46324.0000,96562000,2290784000,-1623.4926470588234,-8.9985900438237,1.80657228777734,4.615384615384624,-21.2469912531431,12.93436118220679,-0.0010340607822409834,Buy,2,0.566361141740309,-0.4523121560481811,0.7770135345018859,1.7259618414155502,49.623351752449416,-173.0049567266107,1.793873397399642,18.97548109720305,163486.438356164,,96.871,-4.263501545514535,17.105062408777325,16.82674814126295,96562000,9.217877094972069,10.608203677510607,2.013079,1.357032,9.36136661580452,0.705900739763137,-2991.842900302115,26,403493.93333333335,36.736207890141095,28864200,7300,-164070000,-122759000,24.4,-10.933940774487462,-13.255684969495288,0.8983129528299977,17.34659999999999,16.06593333333334,16.879825000000018,4.157209102847781,5.5020400621482,11.99,0.7848172983664454,151627,17.20924532558218
ACTG,NASDAQ,Acacia Research Corporation,439140652.6490066,4.5,Commercial Services,368.51115866707426,123.59232585826649,22.1665816491483,20.526448645313287,133.2003401138073,,,-225110000,12.722615066798413,0.8579883633134079,1.5966780541645385,-6.95179865935755,0.6581420211980232,-2.81705476417538,46342.0000,306719000,100490000,-151.04669887278584,3.38905427066636,0.193698413783154,35.5421686746988,-5.39058963840014,57.126297714243314,-0.1923715519351834,StrongBuy,4,1.27042972981325,-0.5648090470100459,0.7129825342084769,0.8956934321871047,-4.222419956521513,0,,-4.371831970635645,268580.037664783,4.0976116793839,98.38319999999999,0.02675355405677899,4.565288314144983,4.425898930009643,330086000,-5.2631578947368425,-8.722109533468554,-0.34,0.43592092,6.74380509674036,0.296877819474253,,6,202546.33333333334,45.823627384044705,97586800,1062,58548000,2625000,5.27,-2.386117136659443,-4.051172707889134,0.10848880040185076,4.553399999999999,4.642433333333334,4.444025000000002,1.9361788641137399,2.4570315111725174,3.1546,0.6707581693770562,169889,4.5409778281217665
GLAD,NASDAQ,Gladstone Capital Corporation,436949947.7180662,19.34,Miscellaneous,40.74709215627796,35.693297111493045,74.7678119114113,30.135945400790256,41.1230259309807,10.277393984482941,9.699097291875626,365486000,11.805939247099694,9.84505583033563,6.033315946288231,83.3907038167608,0.8995976463474196,9.85671430434702,46342.0000,32369999.999999996,397856000,-44.12376031830869,6.82591451220436,0.809969099747522,-16.995708154506442,54.3991253707432,29.94216391258393,,Buy,,0.936549297755196,-1.630555234551386,3.6082858297051033,,7.007405269078677,-8.584736122729385,,4.546467800320939,1983068.4931506899,2.554121165759173,99.8536,1.416857997787757,19.552595463007606,19.948380352499445,32369999.999999996,2.5450689289501613,6.380638063806382,1.994,0.92634887,83.3907038167608,0,40.269865067466256,22,155708.8,43.4934781265329,22593100,73,43626000,40189000,23.3406,-0.9728622631848504,-0.2578648788035106,0.3668777026474011,19.574900000000035,18.973433333333343,19.377174999999973,1.5813676127023908,1.8354454105937519,16.54,1.0507297626826897,109120,19.623967421517754
CARL,NASDAQ,"Carlsmed, Inc.",418960585.5818714,15.345,Technology Services,63.96437027849814,56.749151700736576,76.6284856623746,-58.63871235968403,85.94146880176699,,,-92479000,,5.554207845514991,6.611357506122114,-61.0869736946046,4.95903824712783,-66.1407435715456,46331.0000,85893000,16661999.999999998,-39.10276152345755,-37.5451355015267,0.260154784796904,0.5570117955439112,-57.4215972825658,,-0.29046372012683114,StrongBuy,,4.0144348970066,-0.33274282804590266,-21.380419580419584,-38.49514624227239,19.079311404857055,-22.476099957999153,33.6936508879254,,397724.409448819,,37.96000000000001,-1.2716449868181348,14.266190532557907,12.91966908837088,109893000,51.63043478260871,43.01025163094128,-1.45372,1.942242,-60.4407931116202,0.0561955502171417,-46.7350037965072,19.2,123172.7,54.2098209957218,27302744,127,-29619000,-34577000,17.23,2.436582109479307,2.3000000000000043,0.7162669918217617,13.971900000000003,11.969233333333342,12.198899999999998,4.600917838501292,3.622878715231221,8.5,0.44746954600672184,34017,15.226180942102719
LWAY,NASDAQ,"Lifeway Foods, Inc.",365432215.898697,24.19,Consumer Non-Durables,-15.551916148051099,24.103448915604535,25.4148979617093,-7.754498908214743,13.743710523498553,34.52262023690595,46.5400843070068,-5105000,19.038656929241927,1.5709450387514368,1.5004612452507933,6.48820794607461,4.320360345557387,13.3165921479757,46342.0000,5571000,360000,1.3890898567501,17.5252908447142,0.265637193463712,-7.033051498847034,4.48456946730526,15.805178370801421,24.441732374768183,StrongBuy,4,9.08782991049008,-0.8741721854304614,210.02597402597402,19.40810791349639,23.37638066047433,1.3510029453365453,,-0.25332473203652245,725242.3208191129,17.5730679008432,64.9862,-2.0364968277846818,26.533689689569915,25.74431133773792,5571000,-3.625498007968128,35.59417040358745,0.519767,0.4378876,8.25134380324163,2.76931126954019,-96.9938428105759,33,151521.26666666666,34.735807806862695,15106700,293,-16478000.000000002,-31136000,32.71,-2.577527184857016,-4.913522012578616,0.9809401343985134,27.92049999999998,25.40789999999996,24.75457499999998,3.241352373597658,3.6580173857394334,17.31,0.5924340224503665,37297,25.392412874935015
RCMT,NASDAQ,"RCM Technologies, Inc.",281657147.8222551,39.61,Commercial Services,7.5333699030901435,20.02149272062022,26.2533009211106,5.4382537476049135,14.736690854228032,17.20976711852624,13.404399323181048,27996000,10.72092970518462,0.912094778241812,0.8751207213018444,7.73427172912814,5.750288530635058,39.5067430260484,46337.0000,2922000,28866000,30.321046373365046,21.9604996033827,0.5985006759247881,46.16236162361623,5.12800529945836,16.255445664338232,0.5820574945306587,StrongBuy,8,5.17668095003127,3.2979383495088825,9.401648557512177,31.57206036852734,-0.7708505398185974,2.9322884449614586,,0.9935410604017317,64787.829614604496,41.1135442623776,65.3236,3.1759233649010317,35.66164515993927,28.23612695638982,2922000,50.952743902439025,116.44808743169398,2.955,0.3212157,8.50760897910491,0.124660592059899,35.80959968133837,45,94662.43333333333,56.10737089022175,7110760,4930,17370000,22827000,43.085,0.1263902932254731,-3.6721789883268436,1.5288338384292612,34.30860000000003,27.708566666666684,25.80827500000004,3.618624811878377,2.921805909557727,17.26,1.3923386191062677,37359,39.164534117008344
BUKS,OTC,Butler National Corp.,275797954.6343826,4.32,Electronic Technology,40.750363749740174,52.94906832298136,49.7979249330252,19.640287035430298,16.671827362804876,11.800054629882547,,-1679000,7.134840275296065,2.5086855880833947,2.4316345211419303,28.7324047393278,3.196826853345568,31.0314564183103,,35124000,28445000,76.00961538461539,20.9577319439866,0.370440324449594,159.30372148859547,21.6464284727912,9.766341647342136,0.14841636401677183,NoRating,8,6.12062428280896,4.606958501531247,14.71960682876358,27.09228974743507,0.3657372307865105,1.046418202711433,1.496422264640134,-0.04727313680772587,249279.89821883,29.8221521224812,74.18889999999999,0.13648799425552693,4.2557484294656565,3.7573523965435647,35124000,1.599247412982138,8.000000000000007,,0.1743755,35.1610616536093,0.109296721256287,49.36479128856623,,76232.93333333333,54.0864081435551,63842100,393,19241000,8729000,5.09,12.500000000000012,-3.3557046979865652,0.24482572334859812,4.435629999999998,4.07457774,3.7817275550000007,6.15777848855124,5.074349876357897,1.746,1.7675346405016583,63766,4.146787988758498
OSS,NASDAQ,"One Stop Systems, Inc.",223009960.8489526,8.94,Electronic Technology,58.65660909682218,62.28120105313389,42.9907153726606,-19.881671866027222,31.176963834036087,179.87927565392351,,-31906017,146.84971679295663,4.00685324063184,4.678399753636966,0.842935009186704,5.772173475119607,-16.6040430196691,46331.0000,33374975.999999996,1249862,,-8.15849483396168,0.035392792626407904,32.053175775480064,-11.1760068382313,-9.095114826582195,,StrongBuy,3,16.8874954205617,-16.241883113045123,-1339.322235434007,-8.893075171628162,-17.266748530992366,-5.280279389841123,13.798488305318868,,565184.210526316,-8.46659757223297,81.0856,-0.22700672999284177,11.425050336908,11.02259018701699,33374975.999999996,-51.54471544715447,-12.007874015748037,-0.035,1.4596343,2.72853998505227,0.00268343076905612,-158.2822085889571,19.25,743564.5,34.19236940706324,24945200,57,-6404980,-5639150,20.88,-1.6501650165016541,-30.8584686774942,0.6516125140991719,11.64899999999999,12.187699999999996,11.279525,4.680288836974566,4.602295128169388,4.17,0.7003545884622105,230452,9.956029108578875