Symbol,Exchange,Description,Market capitalization,Sector,"Gross profit growth %, Quarterly YoY",gross_profit_yoy_growth_fy,"Gross margin %, Trailing 12 months","Revenue growth %, Quarterly YoY","Free cash flow margin %, Annual","Revenue growth %, Annual YoY",Price to earnings ratio,"Forward non-GAAP price to earnings, Annual","Enterprise value to revenue ratio, Trailing 12 months",Price to sales ratio,"Operating margin %, Trailing 12 months",Price to book ratio,"Return on equity %, Trailing 12 months","Enterprise value to EBITDA ratio, Trailing 12 months",Upcoming earnings date,"Return on capital employed %, Annual","Free cash flow, Annual",net_debt_fq,"Piotroski F-score, Annual","Altman Z-score, Annual",sloan_ratio_ttm,"Shares buyback ratio %, Annual",Buyback yield %,research_and_dev_ratio_ttm,"Interest coverage, Annual",net_debt_to_ebitda_fq,"Cash and short-term investments, Annual","Revenue per employee, Annual","Sustainable growth rate, Annual",Free float %,"Earnings per share diluted growth %, TTM YoY",free_cash_flow_per_employee_fy,"Price to earning to growth, Trailing 12 months","Net margin %, Trailing 12 months",Performance % 1 year,Analyst Rating,debt_to_equity_fy,Total common shares outstanding,"Free cash flow, Trailing 12 months","Number of employees, Annual",ebitda_per_employee_fy,"Revenue growth %, 5 year CAGR","Return on invested capital %, Annual","Net debt, Annual","Cash and equivalents, Annual","Long term debt, Annual","Debt to equity ratio, Quarterly","Piotroski F-score, Trailing 12 months","Altman Z-score, Trailing 12 months","Sloan ratio %, Annual","Research and development ratio, Annual","Net debt to EBITDA ratio, Annual","Free cash flow per share, Trailing 12 months","Exponential moving average, 50, 1 day","Exponential moving average, 200, 1 day","Gross margin %, Annual",return_on_capital_employed_fq,Price,"Performance %, 3 months","Performance %, 6 months","Earnings per share estimate, Annual","Beta, 5 years","EBITDA margin %, Trailing 12 months","Capital expenditures per share, Trailing 12 months","Earnings per share diluted growth %, Quarterly YoY","Target price, 1 year","Average volume, 30 days","Relative strength index, 14, 1 day"
RELY,NASDAQ,"Remitly Global, Inc.",4654932244,Commercial Services,27.182546388616625,31.355979775105524,60.030923465528,20.22668337169663,17.323335455466697,29.36668241079842,15.826975672952353,15.805827671195656,2.219414722023133,2.6787836457085965,10.3629528483463,4.130678979183181,32.2455689645147,18.82510461263001,46330.0000,,283262000,-638615000,,4.5732776705061,-0.3068668638015146,-5.031995322343979,1.5855010584768459,,10.726090383604834,-2.9932879929130207,543309000,510983.43749999994,8.85547430031416,91.4122,2126.6025641025644,88519.375,0.007422069281368057,16.8546149514624,16.657824933686985,StrongBuy,0.22113769856662602,211684050,344543000,3200,33337.8125,44.790346613440725,7.8695927176177,-351187000,543309000,183135000,0.0339566649627989,,8.49923113523066,-12.834258692422704,,-3.2919357711307544,1.558672511524594,24.236467305055083,20.71677286273381,58.6740519353917,,21.99,15.312008390141575,42.42227979274611,1.391259,0.3642897,11.7896541224748,0.103854801424119,3025.8389261744965,32.15,3669888.066666667,35.14085563660187
GLAD,NASDAQ,Gladstone Capital Corporation,440112975.00000006,Miscellaneous,40.74709215627796,60.39460653614688,74.7678119114113,35.693297111493045,30.135945400790256,41.1230259309807,10.351790838558827,9.769307923771315,9.87929439717694,5.950415421835416,83.3907038167608,0.9061097285857153,9.85671430434702,11.846997261091929,46342.0000,,43626000,427533000,,1.23583134091951,20.720387334723544,-1.630555234551386,-8.523038885640668,,3.6082858297051033,5.549637841065449,32369999.999999996,1983068.4931506899,2.554121165759173,99.8536,-44.12376031830869,597616.4383561644,,54.3991253707432,-15.962036238136323,Buy,0.79345541280598,22593100,40189000,73,1101219.1780821919,29.94216391258393,6.82591451220436,365486000,32369999.999999996,397856000,0.809969099747522,,0.936549297755196,7.007405269078677,,4.546467800320939,1.416857997787757,19.57714255235743,19.97434638396094,87.2661711475229,,19.48,-0.5615109749872355,9.808342728297644,1.994,0.92634887,83.3907038167608,0,40.269865067466256,22,165804.3,44.82535651334424
BULL,NASDAQ,Webull Corporation,4884427914,Technology Services,61.06988626949927,45.97416022836984,77.4642223640904,51.20998894620909,98.3433136752082,46.32326728860331,112.57631257631259,44.61283126962699,4.459291080519693,7.41142496252464,12.4378606947845,4.6806782414458326,4.74634414724858,,46345.0000,,561537180,-1848264896,,0.543484964959206,-15.129505390867118,-215.55556946565818,,,10.705668013748252,,2191698471,409023.5,,69.45360000000001,241.25,402247.2636103152,0.4706864810491754,6.25655912756792,-29.402756508422662,StrongBuy,0.07628020452017151,445905400,,1396,44203.5100286533,,2.90370752546623,-2114175455,2190308181,73911821,0.0754485300647647,,0.423409491668688,-15.129505390867118,,-34.26090667189558,,8.250419944358406,8.057269048302746,76.8854139614925,,9.22,37.61194029850747,72.33644859813087,0.206667,0.5884524,,,,13.3,15267944.133333333,56.67329051319741
SMTC,NASDAQ,Semtech Corporation,15607777628.999998,Electronic Technology,36.77971289294326,18.682129030558944,51.9672815219798,32.719564888252215,15.212933641277173,15.472342615697782,111.16724275458655,48.13405697513544,13.564900131998023,13.66548152027656,12.3516938327117,20.841563491123893,23.6635826463168,83.72652198983425,46358.0000,10.852137577616089,159732000,320942000,7,,2.27432103997411,-7.413857860214189,1.3645632649473214,18.568885936675013,3.1049899193548387,1.6869753530936098,195179000,546861.979166667,,99.4746,537.1876323591698,83193.75,0.19690771508204177,13.1165159334389,169.61147831694342,StrongBuy,0.95032180135997,93325600,182019000,1920,88299.47916666667,12.025094886413523,-3.79382760710544,327230000,195179000,511931000,0.701045038404427,7,8.86369118047541,-12.133979325508726,18.62930069763566,1.9301619134691952,1.8050098670183756,138.0375138584948,113.88077897741056,51.5029405462035,12.227282230435135,167.24,1.2042360060514428,97.42651398890335,3.474463,2.352058,16.2014375010645,0.298896282266142,,209.285714,3000545.9,65.3962604591097
BELFB,NASDAQ,Bel Fuse Inc.,3526980989.0000005,Electronic Technology,29.015257440499052,30.66841933602823,39.5220227551895,25.1849387102716,10.056776543219016,26.302375502999283,64.98468566682241,25.469485550166727,4.512518564858742,4.408748280268758,16.4770848844366,3.947610746280706,8.1667191735268,22.467600697232484,46323.0000,13.221804568956259,67929000,-271844000,8,,-0.6462677051247374,-1.1337267719726505,-12.52184237390002,4.44218069222437,7.3027591349739005,-1.8189872062523418,57800000,136070.70910556,14.710511272542893,98.27980000000001,-4.624449175620138,13684.327155519743,,7.21145446677436,70.55657742353023,StrongBuy,0.52326720922745,12324200,73336000,4964,27057.81627719581,7.717135355077875,9.38330565733917,164857000,57800000,214205000,0.037676591842053506,6,13.2690723910154,-1.6196535500427711,4.569808499455922,1.2273908349774783,5.432257973486807,264.0551419532699,235.9867432246172,39.14664929566,12.673929931324782,250.36,-15.703703703703697,26.374236535258188,9.829802,1.7099514,20.0845592089172,0.753624313055727,-11.932367149758448,329.666667,177761.43333333332,44.965222776705204
VIA,NYSE,"Via Transportation, Inc.",2099584647.0000002,Technology Services,34.574690069964404,35.82091978122892,39.0902638381299,26.671520446547746,-8.468769642006093,28.642893107839946,,,3.623517950876851,4.3604548351342185,-17.4320677319439,3.3931346979635926,,,46338.0000,-14.757528868336244,-36783000,-317890000,5,,-1.4742137874487204,-2.125206238226125,-17.89806381642873,20.090583136568213,-9.656816015252621,,370914000,417631.730769231,,41.52869999999999,-25.19201228878647,-35368.269230769234,-0.8559209935657645,-20.0381124377927,-41.454545454545446,StrongBuy,0.0304698153363835,77659430,-50443000,1040,-59981.730769230766,,-20.9621929585079,-351787000,370914000,9378000,0.029152090621356003,,7.36417418241464,-2.6461313468305847,21.14464114270716,,-0.6201712979933353,23.54741566254253,25.72325709791324,38.4791072370072,-18.167270553799295,25.76,67.27272727272728,43.031649083842304,-0.032132,1.3481321,-15.6088126368967,0.0921841363985891,9.928812289246917,34,664697.6,51.22304002117069
GRRR,NASDAQ,Gorilla Technology Group Inc.,373854505,Technology Services,-129.9450333664655,-8.691512286192712,17.2878547581294,137.96261328233504,-28.88150182372487,35.7374940123276,,,1.911949363130818,2.669671168438223,-25.4852595809978,2.1666555065573614,-36.9225882468568,,46344.0000,6.0647075305499385,-29274480,-105424380,4,,-6.996394185004375,62.00262031162267,-24.495072336572406,2.8604844653634616,15.618159350355937,,105331557,506803.28500009497,,91.6658,,-146372.40000000002,,-35.3765326562658,-23.73737373737374,StrongBuy,0.0783417105926938,27509530,-34624670,200,49034.8,17.419068563455564,-8.10062441899435,-89970327,99532115,4277477,0.43595063876795304,,1.38642964710167,4.38539319560347,2.655787836892193,-9.174130107597053,-1.2711343005744922,14.445445107948206,14.56981124117101,32.8685201793824,-21.007456002892397,13.59,-23.651685393258433,19.841269841269842,-4.8572,0.35366064,-24.4596067426145,0.529785419708238,-86.83401639344262,36,1006358.4999999998,45.3842207359038
BROS,NYSE,Dutch Bros Inc.,7669584707,Consumer Services,25.29037343911173,24.109471820596045,24.8188404834745,32.4756561242674,3.3214724578017147,27.879767215840562,61.883281646461796,45.907968640360735,4.667118933925184,3.1098673701444377,9.65594433232738,7.589155287255577,12.8847414598764,30.5894276945253,46337.0000,6.362164580647976,54411000,938704000,5,,0.5052286426141112,-10.068265299050523,0,,5.916599368621981,3.268331406765734,269404000,51192.46875,13.1083323003775,62.4304,50.6476959014653,1700.34375,1.2090351843084681,4.90699123539077,-32.812978267523725,StrongBuy,1.5995787420426602,137940800,75230000,32000,7775.1875,37.991401833533935,5.0449494111793,819618000,269404000,1048675000,1.51360242311183,5,3.30429385491467,0.8428831288459756,,3.294205123670651,0.5582309946944682,53.87227206633126,56.95597773130442,25.6755907088384,6.345653786248703,43.9,-32.46153846153846,-10.151453131395828,0.956261,2.287377,15.2572940577129,2.15535932920269,37.32081067721205,79.208333,4403482.8,30.00913718266854
AVPT,NASDAQ,"AvePoint, Inc.",2678418114,Technology Services,20.29415268933928,25.088322121666746,73.3325181485867,22.03238644160834,19.44566945651578,26.934901144389105,40.08866371120963,28.19743550337768,4.907798559268222,6.054977089018172,9.78328957078378,6.126982436951609,16.2455156708625,37.42299762812229,46331.0000,8.124349670459322,81574000,-390638000,6,,-3.4242929024059356,-10.823637132466567,4.050525175025007,12.283332475244126,,-6.3899694109564384,481060000,121840.546035434,9.30637438106152,66.30330000000001,,23692.709846064477,,15.3342686505689,-20.27707808564232,Buy,0.0364508804071034,211565000,101006000,3443,14044.147545744989,22.586974783498558,9.06565100669393,-463611000,481060000,9949000,0.061367808567229905,4,4.71440095507659,-2.2947840862869233,12.535250550063529,-9.587852090830127,0.4573387184409751,12.821510229677546,12.353297711894157,73.9371199317277,9.60129519061534,12.66,16.78966789667897,21.730769230769226,0.448977,1.1859504,13.114391872179,0.0247446299851487,957.6271186440677,16.719974,1741752.6,41.75338836822222
SMCI,NASDAQ,"Super Micro Computer, Inc.",26344311260,Electronic Technology,257.0343428254261,73.9665306129168,10.8216040970869,93.1552702482286,-17.84776425161851,77.78535103837868,12.1973476091982,9.243006950695127,0.8253072431169776,0.6746253182545392,7.09234030544244,2.5690504379558305,21.2589826017768,11.26942321130136,46329.0000,15.981723346116178,-6971885000,1668303000,3,,30.643605477699943,-10.560695597143422,-21.575272717909726,1.9743250095640201,14.238726654126449,0.583169186574304,7591584000,5580438.85714286,21.2589826017768,87.13680000000001,98.09592672933236,-995983.5714285714,0.11590691610767047,5.65477799595485,-9.46037480243847,Neutral,0.639519161360527,656965000,-6971885000,7000,408679,61.48277410083174,13.5337730876775,1668303000,7568474000,7179487000,0.639519161360527,3,3.4244265547797,30.643605477699943,1.9743250095640201,0.583169186574304,-9.88918455434815,34.72529405754997,34.01256123212624,10.8216040970869,15.981723346116178,40.1,30.36410923276983,29.188144329896915,4.338415,1.9951748,7.32342044168979,0.229785489665972,445.48655569782323,41.333333,48462689.56666667,60.49859035521926
VSEC,NASDAQ,VSE Corporation,5472108106,Industrial Services,86.88646105256373,56.20640737675846,12.6106931171417,65.03955699109646,0.5132723472162909,41.4647392197961,71.85818530257241,28.641450986659645,4.7299383314872205,4.452837716790595,11.7530608156676,1.865229916037868,4.26607662786487,29.538902152515867,46323.0000,7.707816439333512,5709000,950240000,6,,50.09905839942912,-13.635174208528046,-31.36429264104162,,5.566218382614892,4.370527090424065,69358000,695171.875,2.912607076168641,98.26820000000001,55.30879743575067,3568.1249999999995,1.283625786865072,6.14703993495399,16.69160332754802,StrongBuy,0.23825486096824602,28065000,-1120000,1600,103074.37500000001,10.94700687471779,3.33881761678341,273445000,69358000,328997000,0.34962412679192606,5,3.46442454202315,13.531794192779376,,1.6580563791922094,-0.035685292552011076,209.4728038898671,194.51540273526766,11.8797060079567,5.861043711940484,194.98,-0.7432294848299776,-4.073600314867658,6.807616,1.2391578,16.0125732062265,1.36531292066627,14.544996218805151,270,354093,40.162819098067445
GTLB,NASDAQ,GitLab Inc.,7829239130,Technology Services,15.984671374514955,23.812914528659313,85.7675609642834,21.31462959823699,23.243658032042745,25.811690236009532,,54.23178751387822,6.272193055696397,7.562454000172485,-8.06905447194615,8.493017976496445,-5.88020624079282,,46363.0000,-7.066675290197201,222029000,-1256986000,5,,-8.531307617135786,-6.156018941596761,1.5628721765712628,28.8236838339334,,,1259903000,370241.860465116,,86.55760000000001,-829.7619047619047,86057.7519379845,-0.18247216440681385,-4.99342758065785,-4.219323277619242,Neutral,0,165500000,213673000,2580,-22282.94573643411,44.394886016047465,-6.3345435032892,-1259903000,229576000,0,0,4,5.06153805471964,-1.2495160345657261,28.74446203194225,,1.2665631316574097,39.775968400813824,35.14035748395573,87.375735953033,-8.757883736012683,46.99,64.64611072179399,105.06218634082481,0.866466,0.99251103,-6.86877053584883,0.0570055067189084,-293.51351351351354,55.086957,5442993.666666667,61.42646571121833
DSP,NASDAQ,Viant Technology Inc.,837039687,Technology Services,153.70306874678553,123.46197818496432,76.5079871711051,33.91134574133303,15.014773344644553,19.003924144726607,90.96167751265365,71.86969761024686,2.2432617079109805,2.134730505279307,36.4871891232387,7.368963658942337,12.3270368846061,5.359531431417889,46336.0000,48.572141714017235,51681000,-170915000,7,,-4.73760976813519,-7.482356914386282,0.9439217904132663,7.994893152603103,,-1.0510860474269408,191151000,905792.105263158,12.2845207977878,94.65969999999999,311.60714285714295,136002.6315789474,0.2956241052319715,2.23579014563782,28.3673469387755,StrongBuy,0.264777140630897,21135100,66034000.00000001,380,440976.31578947365,15.80667868328256,9.60430537827302,-169403000,191151000,16668000,0.195136140468404,7,4.71702679870909,-4.616538470451667,7.949134372067483,-1.0109326792822146,1.0143905386061365,12.502506787850479,11.815541223746736,84.0427540884541,45.493334959409616,12.58,12.522361359570665,-2.8571428571428514,0.175039,1.1309837,41.8555565279615,0.301810141926807,-138.63636363636365,19.5,275661.7,47.96861790184154
PTRN,NASDAQ,Pattern Group Inc. - Series A,3556851639,Commercial Services,49.87469167818131,40.0642890502493,43.2313319233428,46.5807907715456,3.155300312035869,39.25895284442764,,32.946032591102764,1.0826588882668233,1.1942261982790057,1.35985655398358,5.499312928733842,-25.6799379451905,53.72481002256147,46337.0000,5.002067295386978,78924000,-294520000,5,,-20.92107201393253,-0.24225108075308013,-3.691944824466152,1.9359769604936052,109.98268398268397,-4.850221497620342,289049000,1087528.26086957,,26.352299999999996,-315.3153153153153,34314.782608695656,,-4.56502411508603,48.518518518518526,StrongBuy,0.0530727458928218,155696580,106131000,2300,18350.434782608696,,-31.1834444417895,-258214000,289049000,22009000,0.079472516851705,,9.8874583511428,-22.8191326021829,1.8507465073371407,-6.1179453158318715,0.5857313156064771,21.55767851575434,17.77968909660567,42.9232623639965,7.193157231821155,20.05,-5.245746691871453,69.05564924114672,0.608571,1.0045743,2.01519351638873,0.166120290958862,62.526766595289075,28.125,1580398.2333333334,40.996209933357704
SITM,NASDAQ,SiTime Corporation,19114953545,Electronic Technology,174.99722622878065,67.46033265067851,58.7141177727904,126.5404207557487,10.753076593399866,61.15680054465532,1288.325901905148,56.49915868107715,39.58624461900182,35.38827038580749,0.188094474724806,16.440744160543353,1.32575445740363,388.7741833200386,46330.0000,-6.079999838969729,35126000,-594529000,7,,-26.76311492650436,-11.44588524451225,0.45979185768405695,27.17922411029176,,-12.480141903522398,808407000,740725.623582767,,75.0583,,79650.79365079364,,3.01186277653094,155.70618287139465,StrongBuy,0.0031223457898497,30071000,84488000,441,-45854.875283446716,22.973309743275895,-4.6119339690334,-804797000,16759000,1132000,1.2941899532901702,7,9.04951137602521,23.00218042958247,36.396559113451296,,3.0734085121862496,611.1943029872206,520.6631692696369,53.5682360864507,0.04947459943143582,635.66,-12.609640078088487,90.66558685023547,11.250787,2.861318,10.1823233942503,1.60654783557657,,862.777778,428057.9666666667,54.90961609796732
MNTN,NYSE,"MNTN, Inc.",884921404.9999999,Technology Services,26.46475155578674,39.28503996475549,79.9119780679218,20.562372188139058,19.466515910414937,28.603854218849058,15.748136315228967,14.612045859343928,2.0669528549680685,2.929076477909942,15.0498993077608,2.6258312542728026,19.6756028804287,11.006992046091876,46336.0000,13.048179683421052,56471000,-237281000,7,,-2.037547890817625,-18.60674363173247,-0.12622589912377588,19.105674191190786,,-4.03271639558796,210160000,,,59.2982,,,,17.9985382869872,-38.86304909560724,StrongBuy,0,61892532,72910000,,,40.96562940318063,-3.50166882364962,-210160000,210160000,0,0,,7.03519136630431,-11.764690766684826,16.973522284232985,-5.799757147588035,0.9270942303356778,11.430751634875056,11.309259170980098,76.289327905189,15.783352104709133,11.83,40.83333333333333,19.133937562940588,0.809606,0.94596833,18.7785440955411,0.169231890159615,,18.1,1059504.8,47.176298169561434
LB,NYSE,LandBridge Company LLC,6694867897.000001,Commercial Services,38.15213887737717,89.03353098379823,89.9496127813213,40.61809690110029,-53.74925286172794,81.06935627626099,98.26883910386964,46.09620599298445,34.00724270582913,29.498199507482653,63.8857594010308,6.896863892356512,11.7203125502428,48.17329473598231,46337.0000,10.635495301843836,-107011000,495926000,6,,7.891068246801996,-19.706288671900513,0,,3.8092704702501066,3.1159742642438863,30741000,,4.333014287739461,98.03969999999998,74.42273534635878,,1.3132686419729083,16.166934274841,66.53883029721955,Buy,1.6464346374690702,29654484,-72372000,,,,3.42221978864371,529544000,30741000,559593000,1.5068207643756402,7,3.06028609264164,9.968551801683095,,3.892103251602281,-0.9400053398413104,80.90917910596023,71.2084289682362,90.951967171121,11.886117472303024,86.85,29.626865671641784,17.11165048543689,1.884103,0.10183003,70.59355788764,2.9443681325461,-34.422110552763826,91.375,316336.36666666664,56.655169423751865
FTK,NYSE,"Flotek Industries, Inc.",989904306.9999999,Industrial Services,64.74738117294947,50.054452108074464,23.8237623221649,70.29477292202228,1.9977914710320237,26.86111482422136,27.51988722183063,35.17071243534985,3.5563792188908,3.600742197100027,13.0526200813741,7.660461870072063,37.7961136559188,21.299016864957682,46336.0000,19.120257831917627,4740000,52001000,5,,15.710203107045324,-1.0191337182347935,-0.055560926052218906,0.6502416646186614,7.11252222504445,1.0630238358068604,5835000,1482887.5,26.9018937424545,55.4246,125.14169122647927,29625.000000000004,0.220634005069764,12.9696758690369,144.89247311827955,StrongBuy,0.443595322754692,36220400,-4112000,160,225912.50000000003,34.883769033375756,21.8926594188348,44317000,5835000,45416000,0.437316678662364,6,4.1566682708251,11.352267723469838,0.7679274388650521,1.2260554418192884,-0.10688292784362653,25.948794235514605,21.07730513977704,24.390757896334,26.240487480185827,27.33,10.962241169305722,48.85620915032679,0.777067,1.4690734,16.6973867453101,0.0497504678727386,430.12295081967204,38.85,686771.3666666667,53.80072574679632
YOU,NYSE,"Clear Secure, Inc.",5713215636.000001,Technology Services,37.374628181940494,17.895985377804855,63.1770233755436,26.559801701394743,38.090586037196694,16.91019198222425,28.825938566552896,23.076502732240435,4.897186017044002,4.389238785914719,25.1294088961371,20.904284809124025,90.2894542435177,17.117964678677968,46331.0000,32.86931890790481,343112000,-849502000,6,,-2.886338235555006,-1.2312693242508668,0.02166905782794437,7.232708173445894,,-2.9673193938928204,700173000,272880.642229627,32.08406432280589,92.8234,-21.506643806258037,103941.83580733111,,14.7781961499105,16.08026388125342,Buy,0.6319724982276891,102911000,508393000,3301,66980.30899727356,31.304011655429175,36.511586294777,-587850000,85734000,106808000,0.532216850996155,6,3.88660157260815,-12.376916402581395,8.035600297076199,-2.6587276460638076,4.9469695370782265,48.08193507838672,46.47796503761659,60.5798980660073,49.07081549879943,42.23,-17.196078431372555,-6.384393704278436,1.83,1.020759,28.6084596444103,0.333292552383694,87.16372021521906,59.666667,1739295.5666666667,33.09392162535592
SLDE,NASDAQ,"Slide Insurance Holdings, Inc.",2901603187,Technology Services,,,,47.86186913958723,68.74074855891638,36.623249216949354,6.050567545184391,6.607846897996285,2.1171177901785714,2.2413262888824845,53.049323156682,2.402634773398848,53.8821006380406,,46337.0000,39.896475218048735,794575000,-1782504000,,,-3.087242218996391,0.8361521197357706,7.847282530572985,,,,,2293454.36507937,57.4182617692706,62.802800000000005,-59.701990655306446,1576537.6984126985,,40.0173531105991,86.06741573033707,Buy,0.0389277793397836,116811720,1034559000,504,,,54.684193541235,-1639632000,1682968000,35063000,0.0323480228787983,,,-8.963113308111792,,,8.12623418243514,21.99019874964491,19.296709521275094,,50.508219294063124,24.84,45.43325526932085,43.50086655112653,3.759167,0.061828975,,0.0192834868942982,90.4350952894642,26,977315.1,69.28401964179128
SN,NYSE,"SharkNinja, Inc.",22652145912.999996,Consumer Durables,21.63136881777251,18.002173413525668,48.5591514620354,22.188755298032493,7.606074395688952,15.74617188787331,32.85521637857056,24.484202512371528,3.297463820753706,3.3294294238429285,13.8792634859035,7.969245057754725,27.5277348603576,20.525401145298094,46331.0000,28.866151615566803,486727000,133184000,6,,-1.639153128060088,-0.5775595358934944,0.5261135102065773,5.646779805833786,19.12687242798354,0.11997434474607784,777289000,1544578.32488535,30.4139709981152,61.30369999999999,33.76882499248366,117481.77649046584,0.9837153702907969,10.0611205049641,38.08501502790898,StrongBuy,0.33686544147677405,140871550,804516000,4143,258073.1354091238,18.37459178513303,22.1551534200167,124234000,777289000,837776000,0.321103366391512,8,7.36936207007089,4.243832151214503,5.61919731065879,0.11619374165845958,5.685343504909018,167.1442389802492,136.23487723792832,48.6327640319366,27.783938782403943,160.8,17.372262773722635,57.18475073313785,6.5675,1.1977385,16.0652831942779,1.31927026629358,-6.768292682926829,209.564167,1800901.7666666666,34.35421913585148
BETA,NYSE,"Beta Technologies, Inc.",4952532241,Electronic Technology,-37.99270072992701,,12.9543731323313,52.70340660485468,-879.5064016172507,135.99257884972172,,,81.95848180277419,102.89553154408823,-1129.30957584408,3.065002077599425,,,46359.0000,-28.00851525963839,-313245000,-1277350000,5,,-20.397503010318275,-2.5175447986222887,,802.5578698541545,-28.728646315140303,,1714784000,35333.3333333333,,52.714000000000006,,-310758.9285714286,,-1913.90883546675,-37.73529411764705,StrongBuy,0.112165783932104,225439580,,1008,-347859.126984127,,-57.0163549705121,-1510885000,1714784000,196637000,0.127971114001747,,5.82981476269373,-20.397503010318275,729.7057502246181,,,20.798202725487936,21.163821266224893,10.3577044025157,,21.17,24.018746338605748,22.867092280905403,-2.251367,1.980491,,,-62.49366447034972,32,2184577.8333333335,48.73212659859007
QNST,NASDAQ,"QuinStreet, Inc.",1049248176.9999999,Commercial Services,78.85457809694793,31.512298076142542,11.270591909173,42.67173941248752,9.886744499548586,18.286457757122314,13.118264220969237,11.559748427672956,0.7718813592205992,0.8073356898598759,3.27623149510865,3.2138541945343495,28.6474496417085,15.242889501160091,46330.0000,12.602020041376985,127906000,-50656000,6,,9.498656595988919,1.1636653172668754,2.6908791093377333,2.883408362912302,10.461871158661507,-0.773232384906582,128315000,1204573.55679702,28.6474496417085,92.2368,1687.1173469387757,119093.10986964618,0.007627483955798654,6.27921824950221,15.962145110410091,StrongBuy,0.240361878350439,57086400,127906000,1074,66232.77467411546,17.465085883765497,25.0175925398392,-50656000,128315000,74905000,0.240361878350439,6,3.2406564486075,9.498656595988919,2.883408362912302,-0.7121207861219669,2.207978732586442,17.785737493127677,15.340185945625596,11.270591909173,11.622024401178516,18.38,50.0408163265306,51.775392237819986,1.59,0.699309,5.06387820473181,0.247199157589463,499.81818181818187,22.4,1018127.6333333333,47.51149395271926
RDW,NYSE,Redwire Corporation,2654921539.9999995,Electronic Technology,,-61.11798447868632,20.0951505142257,89.56282383419689,-56.8935032097823,10.286056277355222,,,5.1316496040087065,5.621933160118419,-40.6472862397718,1.617149705121431,-19.2396379198163,,46337.0000,-22.136010436163573,-190810000,-467443000,4,,-7.056187684733121,-186.43136653225852,-27.95099549344875,9.93661324224908,-4.177639532540802,,95183000,237858.865248227,,93.48,55.05967027559054,-135326.2411347518,,-57.2634374296224,29.512195121951223,Buy,0.189462234532309,249993000,-99203000,1410,-94489.36170212766,42.321611860759,-33.919743197396,105650000,95183000,188817000,0.055388294801323096,5,5.55185060514441,8.32905905127484,5.892104800212296,,-0.44996824440614197,11.35314950611973,11.203266679274815,5.15383996111884,-11.215254527466104,10.62,-34.76658476658478,10.624999999999996,-0.748889,3.0935678,-29.56445649726,0.135090715231879,86.70671378091873,14.6875,15035272.1,44.74962702161522
NPK,NYSE,"National Presto Industries, Inc.",1100952395,Electronic Technology,54.59899818351956,2.2829035314272366,16.1676283916641,21.707942780761982,-7.183570197249783,29.69801250811379,25.761851486967124,,2.0082220510720954,1.9470130039417564,9.32913026156594,2.67692601860002,10.9023398901871,19.370292102001063,,10.830114588574432,-36171000,-7112000,3,,1.823472901612285,-0.2550384591297417,-0.01062716249416034,,,-0.12594297857269346,3755000,419603.333333333,6.8008208032365385,73.42349999999999,2.576092355651464,-30142.5,9.591348846622182,7.85964628837797,40.79211534951634,NoRating,0.0836802611765599,7136070,26431000,1200,40065,7.384332682984751,8.47130398267024,29310000,3252000,8925000,0.022318617164837802,5,9.35789081092169,12.701127104403792,,0.6096343441906901,3.687874982558951,140.5130907762664,128.88725732551163,15.6516869106537,12.595821471198096,154.28,17.528757522663206,15.738934733683413,,0.4918628,10.3675362276268,0.981442723594251,207.0051324732973,,95650.86666666667,65.48604315237259
HNI,NYSE,HNI Corporation,3383160571,Producer Manufacturing,124.23807816421657,13.915632754342433,39.5141276382596,120.71653425273571,7.414582599506869,12.37333755541482,425.7039055404178,11.015276145710928,1.119979183306391,0.7600532774754677,5.59413492406821,1.87412006923888,0.328721045791606,11.086456098715349,46329.0000,9.35586102307857,210500000,1535900000,5,,6.4139820657588835,-51.05932203389829,0.011823263826989073,,6.854700854700854,3.461573135001127,215700000,145589.743589744,-0.8830641956417218,98.2212,-96.42114159407099,10794.871794871795,,0.0979030532091711,4.016866400355071,StrongBuy,0.868162998474613,72181800,102700000,19500,17830.76923076923,7.7426368010929725,2.35790572727471,1377900000,209200000,1508800000,0.9107578107688901,3,1.92832960707802,4.540429887410439,1.9936597393448396,3.962899050905954,1.4244105409153955,45.43226063402307,42.051868449076494,40.426206410708,9.301005053659644,46.87,40.49760191846522,14.652641878669264,4.255,0.9081588,10.1022290020719,1.40499306518724,-30.750439710768035,69.75,541413.0333333333,47.24610618111325
VNOM,NASDAQ,"Viper Energy, Inc.",16059603138,Miscellaneous,195.77464788732394,11.53727766038023,51.7013712544439,129.26829268292684,78.23179791976226,57.689532039326316,350.11746280344556,17.053598877689346,11.634130593194515,4.411877968511934,48.8572879634332,1.699447518012205,1.34831460674157,12.876674051714446,46335.0000,6.58690107691851,1053000000,1601000000,3,,-6.238075487349647,-66.00061302924877,2.5654432208547644,,5.462264150943396,0.8999437886453063,13000000,,,92.4475,-96.30860842920738,,,2.89487049263586,14.935732647814916,StrongBuy,0.49145683453237404,194405000,1495000000,,,40.37064743907368,-1.46746330783456,2173000000,13000000,2186000000,0.33326713008937403,5,3.18955194587806,10.275432089022177,,1.8322091062394603,7.716806119762766,44.08184027579175,43.5132739193683,47.9197622585438,8.874538745387454,44.71,2.85254198297677,1.5444015444015438,2.621734,0.37849924,90.3504316912138,0,157.99361928394185,55,1477576.3666666667,53.49484304551131
AMCR,NYSE,Amcor plc,19566468724,Process Industries,53.896103896542,59.867652783123674,17.535948268527,25.920094469950968,5.228452310027879,56.6231343282986,17.750188742555157,,1.4269747606538108,0.8499021526383963,8.61482174763909,1.6579817206731748,9.40556169741018,9.652508985342704,,6.779490784903679,1229000000,13965000000.0659,8,,-1.6076882047430094,-0.1952277657266762,0.35315502761892537,0.7232196035055201,2.9305354558495145,4.0187050359901875,1115000000.00526,313413.333334569,-0.7998691291292137,99.7344,32.20583342575136,16386.666666666668,0.5600041295738728,4.70518165574759,3.093788063337401,Buy,1.27905004240882,462346000,1286725160,75000,46413.333333333336,12.818624051260329,4.17492403223018,13965000000.0659,1115000000.00526,14714000000.0694,1.27905004240882,7,1.36665301611217,-1.4018061733376386,0.7232196035054862,4.011778224667021,2.769533275936289,44.86827746089031,43.38198392803214,17.4721347741001,6.779490784904851,42.32,4.23645320197044,4.23645320197044,,0.5951594,14.7834595421839,2.07771333177579,,49.625293,3700505.3666666658,31.880412520203848
LGN,NASDAQ,Legence Corp.,6122475916.999999,Industrial Services,76.38536726991192,30.558070104971613,15.4365790027306,110.7443770976306,8.583955011015526,21.532858541066876,,43.1362366469933,1.9764541109890144,1.0869926539138006,3.03863022563666,7.253279660344213,,29.244896825114655,46339.0000,4.750409634846731,218933000,903588000,,,-1.9074580800702938,-9.137508443560282,-12.560457736791127,,0.9130951679144805,3.56947654092746,230166000,364355.857142857,,74.4166,-11.275531471446444,31276.142857142855,-8.895339598164929,-1.20256253357212,109.81481481481481,StrongBuy,2.43284369844746,76904340,323182000,7000,29603,,-3.7626449543548,723988000,230166000,916160000,1.99107688566989,,2.53861414307357,-9.800940211898501,,3.4937964781561717,4.250605008417509,63.17855900317983,58.443670912725864,17.077496058602,,56.65,-33.88188608776845,11.978651907491589,1.313281,3.0605776,6.75828717334265,0.863360164141414,-306.43729189789127,102.529412,972013.3,46.07489754431149
COHU,NASDAQ,"Cohu, Inc.",2702077803,Electronic Technology,62.88484390191207,10.949823080530333,37.8067355530042,38.37481426448737,2.3697665998463426,12.737599526107637,,60.08421052631579,4.851044399158056,4.956489552238806,-6.38174512055109,3.709521343070285,-4.83648998119157,175.09191263208785,46324.0000,-5.900587607750466,10734000,-166922000,5,,12.72300178480894,5.556339589927624,0.06383976057553958,18.59988518943743,-29.418695228821814,-11.528558602113407,483981000,158542.527126356,,96.2499,55.603217158176946,3757.0878543927192,,-7.42747799464218,172.19837863614688,StrongBuy,0.421201238894568,47338400,34918000,2857,-2416.870843542177,-6.563013288725816,-7.51715252412082,-153111000,227053000,316719000,0.42764024229655,6,5.12937732287709,12.152388369260375,20.358048022324464,,0.737787356321839,52.47833391938668,43.51431050075767,34.4742094154841,-3.2847238329361748,57.08,-2.4773620365624516,105.17613227893601,0.95,1.5861461,2.77057022579411,0.246429175118323,99.06025428413487,70.875,996805.2333333333,58.044935775877605
STRL,NASDAQ,"Sterling Infrastructure, Inc.",15631956573,Industrial Services,103.79281983203947,34.476858166742446,23.0000354807319,90.1122597108393,14.508429352193472,17.690745057558637,36.815526147063274,25.811404616394768,4.5187197426425465,4.391466180173468,18.2713554744734,11.555784291423567,38.541173528177,21.552487419494895,46335.0000,28.3175598840208,361267000,-127636000,5,,15.998390853536367,-0.04238807916788328,0.41971713325588195,,20.936166986758312,-0.17704673353520584,390721000,565920.227272727,30.2779195219864,97.4559,50.9208924067148,82106.13636363637,0.6859563298569172,12.5485460752203,68.27686127300868,StrongBuy,0.315659570399011,30588500,482002000,4400,111672.04545454546,11.771662312526043,22.7122080280544,-40807000,390721000,316089000,0.24814799806971902,7,10.8386322601903,15.196871567967243,,-0.08304959530443241,15.47705744469062,567.2652033408594,536.5320250837456,22.0929788931864,38.45123518238629,511.04,-40.146635122156894,25.813043157143213,19.799,1.8467985,20.9661170643126,3.71499213306361,116.8125487477251,893.375,635018.9333333333,47.55415048809834
APPS,NASDAQ,"Digital Turbine, Inc.",1429201970,Technology Services,67.38845649996146,47.257151554244544,38.263524723975,26.77619418602876,1.978943867414653,15.238345708309378,,16.289655172413795,2.9021535111975854,2.371998374167926,10.327865029285,7.49769863187633,-20.3898671861785,13.725673171615627,46337.0000,5.7971838475488475,11186000,312884000,7,,-8.316488696408861,-13.528854510652344,-4.0472236404767905,6.8076720616750075,0.5918060771594401,2.46503163185718,37960000,911695.161290323,,88.28590000000001,60.188289914882645,18041.935483870966,,-5.82317743558307,164.7982062780269,StrongBuy,1.91969754528755,121016000,30492000,620,171175.8064516129,12.506826258329816,-6.7400958175394,330931000,37960000,358711000,1.86833655137676,7,1.25898740488094,-5.597025171624715,7.1359449165061175,3.11819578060662,0.2526849642004773,10.506704061790362,7.566488813790876,35.9452703312334,10.805502180742367,11.81,16.584402764067125,221.79836512261582,0.725,2.879121,21.1439794238957,0.245972553699284,29.024943310657598,17.166667,3751807.7666666666,56.7680897282703
TTMI,NASDAQ,"TTM Technologies, Inc.",13320311294,Electronic Technology,45.1413033472359,29.94556668364171,20.2555102239031,37.424738681204076,-0.02350030708673609,18.97825936556009,57.068062827225134,26.12623409469417,4.120594883873256,3.897355359028462,9.96190206586389,6.885532648555747,13.2596991388126,28.03637679337391,46330.0000,9.655415591310339,-683000,595292000,7,,5.017835187961888,-1.3549418120140837,-0.001771730365688254,0.8796044874190352,5.660594134822902,1.1993609232362428,501234000,159689.285714286,10.6701077575775,97.7161,148.6365166647963,-37.527472527472526,0.3714938262341143,7.01122210094739,155.33117932148625,StrongBuy,0.584212369052571,105349000,-15139000,18200,22785.824175824175,6.6610187681241495,6.63900663328232,528296000.00000006,501234000,1015689000,0.570296232271245,7,6.4060034316558,4.153444065107929,0.9975415857374125,1.2739171742600712,-0.14071925861892678,131.93656661148398,120.71171768162964,19.7544338335607,11.400377333235062,126.44,-33.0580262600593,37.974683544303794,4.83958,2.152902,14.6973159700404,3.14216930184137,94.92424242424242,206.4,2595582.066666667,51.10276213984278
BUKS,OTC,Butler National Corp.,270985943,Electronic Technology,40.750363749740174,19.181538623281728,49.7979249330252,52.94906832298136,19.640287035430298,16.671827362804876,11.608850040972413,,2.464385470848715,2.2608902085193736,28.7324047393278,3.145026418221913,31.0314564183103,7.008848296808315,,27.09228974743507,19241000,-3297000,9,,9.040280963302754,4.606958501531247,1.0649998918947614,1.355145779438977,14.71960682876358,-0.08632471918938026,35124000,249279.89821883,29.8221521224812,74.1889,76.00961538461539,48959.287531806614,0.13799487598653845,21.6464284727912,176.8729641693811,NoRating,0.40797531044914503,63761400,8729000,393,90374.04580152672,9.766341647342136,20.9577319439866,-1679000,35124000,28445000,0.370440324449594,8,6.12062428280896,0.3657372307865105,1.496422264640134,-0.04727313680772587,0.13648799425552693,4.291865887935703,3.7404177706928095,46.2859942633744,29.526963103122046,4.25,2.9055690072639253,12.137203166226913,,0.1743755,35.1610616536093,0.109296721256287,49.36479128856623,,65672.03333333334,50.887497294412924
AAOI,NASDAQ,"Applied Optoelectronics, Inc.",8945726571,Electronic Technology,71.5231574187714,122.33387622149836,28.8487675554139,86.41891366850571,-84.40757929846505,82.75018547109659,,142.3783783783784,14.660316074634629,14.136883937110936,-11.3103008540698,5.330200777978622,-5.44862269864491,,46331.0000,-8.477893460383214,-384658000,-208618000,4,,36.6732980125083,-51.83932945964004,-15.106106689877722,18.05661358793228,-15.613954818415785,,216035000,97146.6638243445,,94.7999,76.82331945270673,-81999.14730334684,,-9.56759568434653,285.22851919561236,Buy,0.33802413893650196,84906300,-631895000,4691,-5735.664037518653,14.199590875163759,-5.93555018503955,32046999.999999996,216035000,177222000,0.179937351058887,4,12.0861278638985,29.681373954466828,18.76326212654839,,-7.746849254609651,119.99517020815878,106.15789079842189,29.955783768364,-5.496358986297427,105.36,-39.1475106849948,0.9485484334578853,0.74,3.7824323,-5.38147893350336,6.13681836014123,-74.235807860262,170.5,10601351.1,44.409858378118635
DLO,NASDAQ,DLocal Limited,4192171411,Technology Services,26.91463414634065,43.69942692791396,33.9054027742541,55.839942602685845,38.57699478870873,46.59854096788136,21.73785839672323,17.917884001596452,2.478872576509817,3.255726693787106,17.6842471693994,7.93316071857566,41.2815925392301,12.408785999616043,46344.0000,42.88644244462322,421873000,-831347000,6,,-11.64965211210531,-9.547437506399394,1.9349671438291125,3.0962551700130425,10.949166308346367,-3.0692413905133207,824067000,858388.5400314049,37.1972540703195,50.199099999999994,34.6464447508371,331140.502354788,0.6299529195500798,15.043484161027,8.705193855157274,StrongBuy,0.15859684749174802,165878000,450739800,1274,200500,60.04593609916016,37.0163262235267,-733784000,724978000,2309000,0.124703839718055,5,2.87993228972826,-13.395056600933103,2.807915602508078,-2.872661360726911,1.5234226591257314,14.54960002476507,13.562644006243126,36.7328799629111,47.7833111136443,14.86,19.453376205787784,28.658008658008647,0.829339,0.87143826,19.9767533793115,0.139719056830144,23.13333333333334,18.5,2344020.3666666667,49.930993889208715
VIAV,NASDAQ,Viavi Solutions Inc.,9561555995.999998,Technology Services,57.03703703703704,38.39039428849586,56.1746690377396,52.53012048192771,5.453467694131595,40.02582311168496,,23.565714591525584,6.325269048277677,6.429164196799046,10.9727985246657,6.599676402963468,-2.72804774083546,34.93508910876682,46324.0000,9.716551965472997,82800000,42099999.9999999,5,,10.441306918982852,-10.52867383512545,-5.767889663886461,17.302245932951326,3.5147679324894514,0.15314659876318626,656700000,370317.073170732,,99.0045,-204.1015625,20195.121951219513,,-2.00223934663769,224.26778242677827,StrongBuy,0.48243010010355497,246750000,82800000,4100,67048.78048780486,4.837082465827347,-1.95731255834916,42099999.9999999,654700000,441700000,0.48243010010355497,5,-29.4324085905157,10.441306918982852,17.302245932951326,0.15314659876318626,0.3172413793103448,39.67430507528283,35.406011967935854,56.1746690377396,9.716551965472997,38.75,-23.90621318042573,25.954818787583292,1.644338,1.2254078,18.1057761970625,0.119157088122605,255.96590909090904,61.428571,4615615.933333325,51.21882606984861
PAYS,NASDAQ,"Paysign, Inc.",734572642,Commercial Services,61.46428857585644,54.17761797530511,51.6813642996903,48.08443370347535,54.176579520675915,40.49636965613781,50.80046856696603,37.710144927536234,5.602029503159853,8.21478304526605,17.0060096777127,12.206793019328202,30.8176670855448,21.28440214580447,46336.0000,14.981382171951644,44440060,-170772242,7,,-16.33877799766091,-2.920602946651237,0.4078587778388839,,,-6.44693596185572,164984711,362956.530973451,19.1345255346568,75.5198,111.3036303630363,196637.4336283186,0.4679903750996082,15.6725626610849,154.1015625,StrongBuy,0.124260110363397,56462200,68035410,226,68860.17699115045,27.73666915163977,17.4229600145186,-158959317,164984711,5273891,0.09492363499847549,7,1.82663187464218,-12.460742624092818,,-10.214318935382718,1.0977785732888679,11.34349264032945,7.857978753059772,49.2491214238386,28.73596057721327,13.01,92.74074074074075,265.44943820224717,0.345,0.8008203,26.3198818777445,0.11873689311351,354.16666666666663,13.1,806458.2,56.50164373780128
ARW,NYSE,"Arrow Electronics, Inc.",11616617193,Distribution Services,33.94181894172675,6.376752963973447,10.9153392718937,31.824628852945807,-0.12058820335893489,10.4916269997082,14.582494616235007,10.46500963037696,0.3790218141773879,0.3081577639664412,3.75704430671707,1.6605560097464889,12.1689733865274,9.14986180256011,46324.0000,9.69647806674336,-37205000,1925949000,5,,-0.03608962432160281,2.1122441156175666,0.9984576238760112,,3.5067849121194112,1.2941996681761585,306467000,1387896.3112910502,9.25437128210478,99.2942,76.91568498880774,-1673.6392262708052,0.17732790565133114,2.25920532348223,79.47306331104993,Neutral,0.508498169699753,50905400,825464000,22230,48407.197480881696,1.4760538553130642,6.14609887233406,3041847000,306467000,3271436000,0.309853521272327,7,1.69709551144991,1.6631498206659587,,2.826753660467692,15.915013399656816,210.52801596661448,181.50965920471532,10.789796821599,14.276000734685043,228.2,1.9113969274740985,60.89684833956143,21.806,1.1892142,4.14237747362849,2.13821890604816,46.582102035126844,235,597351.4333333333,64.56519956194947
PRM,NYSE,"Perimeter Solutions, SA",5165959113,Process Industries,7.999585693142332,20.37747945190039,44.4527072722617,31.462933245473284,31.945189028878907,16.381326565145816,,20.41558260095557,8.535769534409951,6.591934060060921,-50.5953198639422,5.056646943180016,-30.8683244487691,,46325.0000,-8.316991925382064,208558000,1296233000.0086298,5,,8.940527002925178,-1.0941673593379928,-0.8345629509634701,,-5.134278778530804,,325927000.00347203,1759735.8490758499,,90.99730000000001,-624.8587570621469,562150.9433962264,,-44.8557072511443,42.41877256317689,StrongBuy,0.727323022026457,163686920,103858750,371,-342043.1266846361,13.96634617661967,-10.5488288308824,498362000.00530905,325927000.00347203,819873000.008734,1.34982840944463,3,1.09591670879488,-12.7288770817452,,,0.6355680913170941,32.392298420291446,29.19171873829866,48.3186339532704,-14.425446795018551,31.56,-10.3409090909091,35.3344768439108,1.545878,1.9005344,-38.0123687043773,0.187529787289904,-408.23045267489704,43.75,1406769.5,47.932676576295044
LWAY,NASDAQ,"Lifeway Foods, Inc.",371777045,Consumer Non-Durables,-15.551916148051099,20.052462838822503,25.4148979617093,24.103448915604535,-7.754498908214743,13.743710523498553,35.122020836306554,47.34813868521857,1.5971191044886948,1.566055179469407,6.48820794607461,4.395372802983353,13.3165921479757,19.355866663333668,46342.0000,19.40810791349639,-16478000.000000002,15379000,4,,31.55915074887272,-0.8741721854304614,1.327946430904576,,210.02597402597402,0.7688731126887312,5571000,725242.3208191129,17.5730679008432,64.9862,1.3890898567501,-56238.90784982936,25.510223407544935,4.48456946730526,-24.43966840650906,StrongBuy,0.00543003297638052,15106700,-31136000,293,68778.15699658703,15.805178370801421,17.5252908447142,-5105000,5571000,360000,0.265637193463712,4,9.08782991049008,23.37638066047433,,-0.25332473203652245,-2.0364968277846818,27.029417189964036,25.81812106898786,27.1374519990965,16.396570147775545,24.61,-1.1249497790277265,17.69488283118125,0.519767,0.4378876,8.25134380324163,2.76931126954019,-96.9938428105759,33,148468,34.35639063524654
BELFA,NASDAQ,Bel Fuse Inc.,3526980989.0000005,Electronic Technology,29.015257440499052,30.66841933602823,39.5220227551895,25.1849387102716,10.056776543219016,26.302375502999283,54.17640035300836,21.437532834952464,4.512518564858742,3.666881131379089,16.4770848844366,3.291042159145666,8.1667191735268,22.467600697232484,46323.0000,13.221804568956259,67929000,-271844000,8,,-0.6462677051247374,0,-12.52184237390002,4.44218069222437,7.3027591349739005,-1.8189872062523418,57800000,136070.70910556,14.710511272542893,75.4689,-4.624449175620138,13684.327155519743,,7.21145446677436,76.88135593220339,StrongBuy,0.52326720922745,2115260,73336000,4964,27057.81627719581,7.717135355077875,9.38330565733917,164857000,57800000,214205000,0.037676591842053506,6,11.8428751349336,-1.6196535500427711,4.569808499455922,1.2273908349774783,5.432257973486807,221.43859494612056,205.200605730495,39.14664929566,12.673929931324782,208.72,-20.990271416133556,14.612047663500073,9.736195,1.3819801,20.0845592089172,0.753624313055727,-11.932367149758448,,142523.46666666667,45.105408574190974
GENI,NYSE,Genius Sports Limited,1893416076.0000002,Technology Services,23.378300803673937,19.610443626546964,22.5048706987175,30.53038037099541,9.640785733596818,31.042642896569543,,,2.419962262246829,2.5372364114654156,-16.5244936575794,2.5268524384867046,-22.5973759941733,,46337.0000,-15.290256560192969,64544000,-166894000,4,,-11.548363513444464,-16.64658388674164,0,4.701520779311795,-17432.166666666668,,280559000,247958.888888889,,90.88799999999999,-209.27521540800805,23905.185185185186,-0.05262344455232232,-22.2654706006027,-45.70063694267516,StrongBuy,0.042092549777425,267627000,28738000,2700,-12091.851851851854,34.92166857296639,-16.819058816436,-250064000,280559000,25471000,0.0439505739470205,3,0.905375805831711,-9.295692156063016,4.643392199125004,,0.10668450240882453,7.1601659911459725,7.238609099522079,22.766020054101,-15.935088580082965,6.82,-2.2922636103151883,26.76579925650558,-0.300605,1.8813015,-5.80110729553578,0.301135551061279,-523.9393939393939,10.97619,6074224.3,40.95775998825067
OUST,NASDAQ,"Ouster, Inc.",2547728935,Electronic Technology,57.71367251609645,99.29807217004449,48.4287994065601,55.856087192216606,-38.285198129693484,52.45947381211691,,,11.237824647279009,11.345845166392548,-34.4078045161952,6.516814968937683,-18.00550696305,,46331.0000,-34.07127631726562,-64849000.00000001,-245020000,6,,15.346511716068054,-15.95674302336135,-5.456349696008771,34.97245091675736,,,210052000,529325,,95.7507,51.909156213737084,-202653.12500000003,,-26.0249771847716,24.885118416401554,StrongBuy,0.0652560957904469,72112300,-82468000,320,-215968.75,55.04713126282288,-25.7668449836869,-192972000,68880000,12938000,0.0441601042800048,5,22.4505133346935,4.463593375948478,40.42294431587399,,-1.2496962249242265,38.66156750575323,32.75489052618169,47.6054408917017,-22.469460795405656,35.33,-9.200719609354918,53.94335511982571,-0.285,3.2459035,-27.4163400957508,0.434320506166674,27.457716701902747,58.5,2533975.4,43.47270641801198
HYLN,AMEX,Hyliion Holdings Corp.,696529150.9999999,Producer Manufacturing,-51.515151515151516,-89.51850638716017,-77.3223748242673,226.3366336633663,-2022.705035971223,130.28495692511598,,,68.7139776143614,73.7154723823943,-648.675246025738,4.108376875105343,-27.0803224626306,,46337.0000,-29.40619413223159,-70289000,-61131000,5,,-27.78399567902266,-1.9850130712857492,-0.00043070702722103305,402.9955661295555,,,92365000,30752.2123893805,,69.3377,8.702384639207189,-622026.5486725663,,-564.345193035579,139.2638036809816,StrongBuy,0.0227697660005521,178597000,-56617000,113,-522991.1504424779,,-25.8529418412785,-87993000,22938000,1646000,0.0179663676204295,4,53.102829211035,-35.15884829459764,1063.7985611510792,,-0.31728585107635426,3.900510403181359,3.3811269131999153,-166.503597122302,-30.831028917421378,3.9,-48.616600790513836,86.60287081339713,-0.3,3.5423565,,0.0798636569173415,-1.960784313725492,8,2742736.966666667,54.57936804738282
RXO,NYSE,"RXO, Inc.",3214410279,Technology Services,1.8450184501845017,18.53448275862069,16.4230579733946,25.017618040873856,-0.13932427725531174,26.1978021978022,,156.4996747954423,0.6448366363934964,0.5435692987354244,-0.229922811627525,2.1343232913915258,-6.78733031674208,42.67837259782609,46331.0000,-0.3051438535309503,-8000000,712000000,4,,-0.8962127782596125,-1.0109711599401914,0.031109905494425532,,-0.2,7.739130434782608,18000000,622911.69451074,,99.21470000000001,71.37726205276972,-867.8672163159036,,-1.72442108720644,16.776512881965232,Neutral,0.434782608695652,164926130,-76000000,9218,11824.690822304186,11.332604594444451,-4.65441005352572,652000000,18000000,578000000,0.48339973439574996,3,3.08361492917028,-2.4412572474824534,,5.981651376146789,-0.44799170036428804,22.36170873922529,20.597141531750864,14.367816091954,-0.6149791346365033,19.49,-32.23226703755216,59.10204081632652,0.124537,1.9886098,1.51092133355231,0.34778303054596,0.7490636704119934,24.527778,1699307.3333333333,36.2864150016834
SOPH,NASDAQ,SOPHiA GENETICS SA,669956016,Technology Services,22.746536267227764,23.02585874221378,66.6252741768924,27.217158762117215,-49.93464559736997,18.56290181556916,,,7.243121101998727,6.521184194138491,-84.3292675850316,8.060303772058298,-101.217696014675,,46336.0000,-58.486886321315936,-38585000,-45838000,3,,-11.995648263868944,-2.6980531537703403,-10.748199036034778,40.3820488121993,-15.574220465340652,,70289000,186195.180725093,,72.0165,-4.799198615790909,-92975.90361445783,-1.377894859380063,-93.8619192962474,142.15384615384616,StrongBuy,1.3367271184643101,85127800,-45722760,415,-147942.1686746988,22.162985717872807,-68.1628162824341,-7269000,70289000,60320000,0.743846098318054,3,-1.65519322802034,-18.649169496412103,43.44061808440422,,-0.6192266726595667,7.204113173459203,5.65842732788179,61.8783243390147,-50.04218159812728,7.87,51.34615384615385,68.16239316239317,-0.938,0.9822503,-72.120417328669,0.147408286124194,9.041754280564723,9.75,553206.8,51.62149585535609
ESOA,NASDAQ,Energy Services of America Corporation,212341488.99999997,Industrial Services,19.483479292220267,-22.37765201309132,11.7670123750291,25.486427644905252,-0.5394288549006867,16.802614366848065,18.816137566137566,18.96666666666667,0.5271506484746209,0.454746547820276,3.87207807135466,2.5205821703142757,15.0772189216407,7.451568861406127,46366.0000,4.044210725633091,-2217060,34030850,3,,3.40293743828704,-0.8710623610309453,-9.59940287505472,,1.3135169663166424,1.029268233667996,12241408,289845.820169252,-2.7452828333059074,82.5033,253.06479859894918,-1563.5119887165022,0.07441837846249612,2.23603148720504,11.89773844641102,StrongBuy,1.25342890235301,18659200,5397610,1418,12159.654442877292,28.090657528657292,0.40398334936368,62006447,12241408,51238652,0.579309445893025,7,4.19635752909713,11.668760626289197,,3.596163118917969,0.28926681480827265,13.506854270196627,13.626123071866827,9.43444853163545,15.870548282630265,11.38,-30.440097799510998,-10.954616588419395,0.6,1.355816,7.07435787388196,0.260333220004862,40.99279423538832,27.5,161378.5,35.8417689853904
KGS,NYSE,"Kodiak Gas Services, Inc.",6455492444.000001,Industrial Services,18.844595884261647,25.26352337273608,43.2457877735918,21.148669786862346,21.731366103508908,12.834261039531238,76.19331742243438,30.630890809629378,6.565943870494236,4.344946908209308,32.6450239641966,2.980879884779772,4.597150327216,12.331592707085747,46337.0000,9.193985080476399,284268000,2684384000,7,,11.474724072465166,2.28346905073744,-11.650854005708753,,2.08962544739628,3.620539712340444,3179000,1006230.76923077,-6.471912212049554,99.0204,-5.789769533445755,218667.69230769228,,5.77309489304801,94.3683409436834,StrongBuy,2.17356875672565,101104034,5007000,1300,533341.5384615385,19.695360452310506,2.06553715098961,2610507000,3179000,2599046000,1.30568764126565,6,1.92187676087592,-4.870021519953684,,3.7650964023630404,0.05172253499302721,62.6505222210338,57.43353551252021,42.1978442015136,9.884066926730968,63.85,-4.985119047619049,17.392903107188822,2.084497,0.894646,53.2448972850152,4.89520169412737,22.98611111111111,82.375,1601182.1,55.83557327396662
DIOD,NASDAQ,Diodes Incorporated,4375372534,Electronic Technology,31.209754760926156,4.970872489943081,30.6076670108592,21.65876596070036,9.253997610104225,13.038699737628898,51.17143318791404,29.26385736510705,2.5036192419118835,2.6042244901954072,4.80460549174672,2.232244598184225,4.49626103696554,18.525637813737692,46331.0000,1.7854915333989307,137151000,-352604000,7,,-2.7732821339609393,0.9865389146556727,0.7772366749514362,10.049096372276026,13.122478386167147,-1.5960348534570554,382163000,185514.207034673,3.60105351272995,97.6251,35.515655791548056,17167.480285392416,1.390011128424355,5.26626799058446,79.19652961146737,Buy,0.05090664940121101,46051700,142510000,7989,22552.885217173614,3.812189024615975,3.50425826639325,-286554000,372346000,53194000,0.045589793786921205,7,7.53410889175722,-0.6163963890363957,10.942443455889151,-1.5904204245872067,3.068294363346682,93.83511145575496,84.11241123381326,29.702248134876,3.694501687016068,95.01,-10.696494031393923,52.064660691421274,3.246667,1.895877,13.5143484239734,2.31509710201094,1.2295908083047762,162.5,641273.2333333333,53.011114164479096
GLBE,NASDAQ,Global-E Online Ltd.,6245027685,Retail Trade,35.78970662599453,28.92064788353216,44.3012407511991,39.14937382760526,29.171113963321282,27.821601458134516,42.41387177732147,30.861072052883824,5.1780836871028875,5.766279530306162,14.2752241272638,6.971241285948393,16.9591794967036,31.45440324516267,46344.0000,7.722099427905646,280683000,-505008000,8,,-14.172471919356019,0.04827729429665223,3.291415387104629,11.893133379399732,62.19128949601957,-2.7673642506041527,622836000,789331.419197808,7.47706746064475,68.9452,,230256.76784249386,,13.8664816756029,0.950312245452081,StrongBuy,0.025198245064780803,167967000,307087310,1219,76955.70139458573,47.810629450040196,7.32088129386159,-599334000,245860000,18449000,0.028108041112989902,7,8.82378121199426,-2.3500371012345003,12.460364063417483,-6.388875267831445,1.7535361609258826,38.05472761295592,35.99169561316928,44.2977774775383,17.06193636871299,37.18,11.184210526315796,7.177861055059101,1.204754,1.0013045,16.4621901955784,0.012130528716076,340.93851132686086,50.357143,1353463.4666666666,42.95164923321209
GLNG,NASDAQ,Golar LNG Limited,5373056107,Industrial Services,137.38461538456252,116.24033871656295,55.0957239481837,72.42477501879304,-107.9233181371919,51.13837125335666,,44.77111623898922,14.1889374966512,10.278667507352301,45.5128205128209,2.778894274342909,8.54908031695405,25.330716331821126,46337.0000,3.267628640519892,-424702000,1804912000,8,,10.427521083697195,3.0757852729537993,0.6424465153353106,2.793954679200579,3.740183769762124,6.156537162738343,1175916000,787044.0000002959,-1.9515501271073858,83.8634,,-849404,,31.2742175856984,27.32306210881079,StrongBuy,1.50012588335388,101589000,-280359790,500,369606,-2.147314102226505,1.81057996673117,1588780000,1175916000,2461468000,1.3767797559133101,8,1.33321422675609,8.453543553115765,4.886893235956304,8.597154808092942,-2.745933300685602,51.27884404280215,48.36245631859167,46.8520184386134,5.393714801204073,52.89,4.629080118694369,18.72053872053873,1.181342,0.042782307,56.014750277025,6.65432055064723,,65.845455,1179716.5333333334,58.529556228671474
NVT,NYSE,nVent Electric plc,26282493197,Electronic Technology,50.080688542227,21.503597717310395,36.9714522134878,52.76710621949954,9.55279854100845,29.50666977146469,44.857592751180974,31.60601904107907,5.721843855399255,5.267562474141497,17.403806371535,6.5922136530030535,15.7482413131528,25.77282258386135,46318.0000,10.597791490192417,371900000,1376900000,7,,0.20430152666414758,1.995292195509326,0.1620850795268637,1.8431940422010757,8.324,1.2829854640327991,237500000,324425,8.472544832988454,99.0236,3.016591251885366,30991.666666666664,14.210020995055162,12.2258998758792,70.4597942473231,StrongBuy,0.45919789823602003,161858000,577700000,12000,69341.66666666666,14.26518714336622,7.90269632252591,1475400000,237500000,1668400000,0.409566329729865,7,6.81480826434409,-8.136429311577812,2.0163879684570136,1.773104194207427,3.520414381474711,157.33113605385782,139.18547965547856,37.7359944517223,14.157341186369374,162.38,-2.415865384615391,48.52282081770786,5.137629,1.354714,22.2010757136947,0.687995124923827,96.57851486627821,212.333333,2396611.1,55.1334910733483
EVER,NASDAQ,"EverQuote, Inc.",845049236.9999999,Technology Services,25.65437092768155,40.4529407346203,97.6460477914401,24.552924426511055,13.042781374138833,38.45158839640936,7.805989583333333,11.956181939384452,0.8668908511410252,1.1247049250660102,11.0000291314331,3.2909724700134495,53.6144902762004,7.568488289017339,46335.0000,35.15494623883056,90324000,-190375000,6,,5.672627461100391,-1.8874896328265642,5.614229079529955,4.531791662583852,,-2.2008670520231215,171379000,1945283.70786517,53.191683091953,83.6717,147.44260974627466,253719.10112359552,0.05186075034997268,15.1588060349736,2.4348568987612143,Buy,0.0107839018652327,31682100,95135000,356,197693.82022471912,14.82513546779134,52.644245423294,-168812000,171379000,1370000,0.00756684762713316,7,9.49140519221064,2.749049441288663,4.549176126066936,-2.39861322269427,2.631018556929119,24.308934594629076,22.122868040060485,97.2022509064707,38.65243194576599,23.98,19.30348258706467,47.56923076923077,2.005657,0.66531986,11.453949825079,0.153903592466606,37.21230928368244,29.5,642449.9,44.56481842556363
GCT,NASDAQ,GigaCloud Technology Inc,1852289974,Distribution Services,37.18548554790581,5.120408958573576,23.9614160363743,27.599300694941377,14.1706663400156,11.098220391645244,12.288848349877986,11.643097643097642,1.3501223130184525,1.2908864572896828,11.6459008970923,3.5163312469451573,32.3435187324092,11.038932076292213,46352.0000,17.499536399967475,182787000,127686000,5,,-0.4519777529926522,8.15528793658502,3.499385958054676,0.69579875023526,728.989999999486,0.7118859519521864,416856000,784608.880779142,30.8349120554731,92.8674,27.059000602046968,111184.30656934307,0.4535372310877796,10.6465255067113,82.8984485190409,StrongBuy,0.9669081245535711,28839563,160189910,1644,93865.57177615572,36.17382051727238,16.5943886487792,52867000,380540000,369011000,0.948004112182434,8,3.36412084762054,-4.008369516136052,0.8340200806731087,0.3425914525483589,4.383187681667827,46.59906808612238,39.878549942847506,23.2115432472515,19.70690438017921,51.87,52.738515901060055,23.676680972818314,4.455,1.6474017,12.2305518657738,0.324155130971125,27.760008823205045,65.5,638353.3333333334,58.401120140067846
ALGM,NASDAQ,"Allegro MicroSystems, Inc.",6768258830.999999,Electronic Technology,37.576394821581125,28.70769795382658,47.1953645814613,27.451635898822545,14.031407848142221,22.770846034377644,483.4886817576565,35.343806365389355,7.298055499643738,7.001175612114584,6.21681850953661,7.01600483835751,1.50519706888812,54.33628095016961,46324.0000,2.9089131616100423,124893000,133533999.99999999,6,,-4.965076963827639,-0.5810385517681249,-0.04930367001799433,22.49543837096457,1.769053535125367,1.0510267530361823,175357000,209434.35294117598,,67.0964,,29386.58823529412,,1.50126753029281,17.394115745231176,StrongBuy,0.32041158547761905,186402000,87847000,4250,25117.88235294118,8.527414408604074,-1.17088361352431,130555000,175357000,298691000,0.315269694568775,7,15.580300495924,-9.255492878143153,22.589922884722547,1.222986201534412,0.4678434865076813,41.56543584391918,40.366816784423634,46.4927378619834,4.624506099807453,36.31,-24.29107589658048,13.96735718769618,1.027337,1.9114195,13.4312753321056,0.189556310577116,,54.833333,2051181.5666666667,40.16903005473129
BG,NYSE,Bunge Limited,23517302840,Process Industries,55.48523206751055,-9.054441260744985,4.86537707489217,88.2606312162268,-1.271240668325631,32.40887181804489,23.737128895266533,12.862274887860949,0.446513558576221,0.26508111832636244,2.19361303533307,1.4740669701583624,7.52720226561336,13.779933727731093,46317.0000,4.523631708097728,-894000000,16021000000,3,,11.194476508058655,-44.37335158895209,3.4017506405509215,,1.7377049180327868,5.385210084033614,2235000000,2068382.35294118,2.7338030391151045,82.6959,-48.493323079074315,-26294.11764705882,,1.10007406439245,49.13499025341131,StrongBuy,0.9969190140845071,192119000,-709000000,34000,51852.94117647059,11.169108623378277,3.99181166837257,13620000000,1166000000,9928000000,1.0566664577195501,5,3.16387299685005,11.226643909450233,0.03981514397440455,7.7254679523539425,-3.62953658926621,116.54075292999462,112.40771303315701,4.51333096338429,7.92632531780078,122.41,-2.5553255850979206,-3.102984247605479,9.516979,0.65939474,3.24031716986886,9.14295112613463,32.950279629204026,145.2,1492684.7,59.43068954463611
RSI,NYSE,"Rush Street Interactive, Inc.",6125769811,Consumer Services,50.84640381028356,21.71857964974262,31.8625310090194,46.267137662183295,14.477516422373213,22.762565700267185,89.13996627318718,42.635496349446534,4.349950591137437,2.2355318736068415,10.0943639849855,16.488863934119408,20.7246517970196,32.95402722834009,46330.0000,26.58063661834499,164237000,-333456000,6,,-13.990828001068973,-11.246991416256419,0.45127389459460054,,96.21350762527233,-1.8480466866551761,340504000,1243890.35087719,29.4874575610965,97.032,47.07341269841269,180084.4298245614,1.8886219096341763,2.33492155111303,24.84648086915445,StrongBuy,0.11350562026692,115626000,181674000,912,140673.2456140351,32.43121012447898,26.4758952346886,-323792000,340504000,12449000,0.07989150403077659,6,7.02376543039749,-14.37787010715067,,-2.5238280823732984,1.5671391061054893,27.217116873427,24.48427077196136,31.0988445278149,28.322275076073627,26.43,-10.2241847826087,25.857142857142858,0.619906,1.5121802,13.200057646965,0.353601320153001,-18.95850284784378,36,2463060,47.73797658292571
OMDA,NASDAQ,"Omada Health, Inc.",1203520342,Technology Services,58.530575673859474,66.77067540470485,68.0761495226934,43.12134395724365,6.506283386495523,53.24499411071848,298.7841945288754,54.35939690378165,3.169587782760146,4.43848443467341,-0.149793872010175,4.7144021869454695,1.84386865487533,180.77855680353525,46331.0000,-7.330865626310777,16930000,-221712000,7,,-3.9077209937176662,-4.816022577359425,-1.3995608891835416,15.838119312110383,-4.724546172059984,-40.82342110108635,222036000,284072.052401747,,49.179100000000005,,18482.5327510917,,1.38979012716338,-8.130841121495319,StrongBuy,0,61216700,22725000,916,-7075.32751091703,,-7.88565856789331,-222036000,222036000,0,0,,10.3619369288097,-8.250656503146631,15.600860843165137,,0.35537241778347695,21.948510828715126,19.41032376466844,65.5232312363091,-0.18644946375687635,19.66,11.010728402032747,41.03299856527978,0.361667,1.8455634,1.75329853208462,0.102491125463274,,28.416667,1385207.8,33.34833745257501
ECG,NYSE,"Everus Construction Group, Inc.",6098043099,Industrial Services,49.93284335399478,34.485118333466644,12.9412917245556,33.650834648267,2.402554781446765,31.466705969256253,24.02043607691689,22.532075471698114,1.4731262032459045,1.3832595073769713,7.83056685209872,7.886750958436386,39.5245454757263,17.03666195678984,46337.0000,28.95008030948823,90009000,187480000,6,,7.023863387295639,-0.05059735676818083,0,,12.565847746025826,0.5081571308149542,170500000,398551.80851063796,38.3436428075977,99.56960000000001,53.09006928406465,9575.425531914894,0.4365722132056349,5.9637545022115,51.95317470416083,Buy,0.590786544684337,51063835,250372000,9400,31739.361702127662,,23.7731529619826,201588000,170500000,323183000,0.470964212410486,6,7.31163476542686,5.716155077138922,,0.6756762192056309,4.888168684107771,128.31749117438045,121.2121670082692,12.1175948987651,33.5034003373263,119.42,-18.031436611984347,4.415493573489549,5.3,2.4028928,8.6468006877298,1.38252635689184,58.363952813769096,176,550416.8666666667,45.41686168291583
LYTS,NASDAQ,LSI Industries Inc.,746344610.9999999,Producer Manufacturing,41.437158200719324,22.083729446146265,25.14066640847,51.30298516125288,5.657988067833193,20.23450539522862,29.718100890207715,15.290076335877863,1.5068554272792019,1.0710042254317909,7.01134469688728,2.0532660050701215,7.63579241764021,16.006003066161288,46330.0000,9.589252869918182,39006000,292477000,4,,36.62944160075535,-23.01911405574375,-13.72891268856499,,8.161605937921728,4.506440479492157,14249000,217132.91338582698,5.35611114651311,94.948,-14.791403286978507,12285.354330708662,,3.27518106403132,-11.410880141530289,StrongBuy,0.850417409482723,37261300,39006000,3175,20455.748031496067,16.913100055828888,4.84099375552756,292477000,14249000,284393000,0.850417409482723,4,2.50488668462887,36.62944160075535,0.4496683333405861,4.503318090135033,1.0349164234544972,22.2036989624374,22.009297812704183,25.1473389063196,9.580135726517408,20.03,-22.664092664092657,2.560163850486431,1.31,0.5151829,9.41431424853894,0.136428760944548,-30.856709628506433,30.25,413869.4666666667,37.564609415622215
AIR,NYSE,AAR Corp.,5051679209.000001,Electronic Technology,17.643142476697736,17.870001895016095,18.8029020556227,22.99536116633532,1.8016928657799274,18.971408020140263,25.775440614600882,21.85922955797077,1.800447161124547,1.4900278113663852,8.43712212817412,2.9370122290466956,12.8764492007958,16.92011138920455,46294.0000,10.884459669884771,59600000,904200000,6,,11.729191090269635,-11.302005121126832,-5.42195948452197,,3.877947295423024,2.56875,107800000,465915.49295774597,12.8764492007958,97.53240000000002,1356.236912952438,8394.366197183099,0.01885214263876143,5.67412333736397,68.996632996633,StrongBuy,0.593966427984505,40258800,59600000,7100,49535.211267605635,14.893462976971406,7.57160145219847,904200000,107800000,995000000,0.593966427984505,6,3.68783056959159,11.729191090269635,,2.570941143019619,1.505050505050505,133.05619930769177,116.75178132456739,18.8029020556227,10.864995328558082,125.48,-2.721141173734402,19.186930091185413,5.740367,1.1084695,10.6408706166868,0.924242424242424,34.04879070254424,149.5,349568.93333333335,40.82190906980812
LOAR,NYSE,Loar Holdings Inc.,6231220269,Electronic Technology,34.03943489152849,34.56756315838538,45.4357795034871,39.35576618503448,18.206748971856783,23.202480518545553,93.63649162325778,48.53915462614415,12.067588590642956,10.553186049050792,24.6813200311174,5.1950872018546415,5.84177753189581,33.77806875820739,46344.0000,7.184775575273987,90357000,842414000,5,,31.52798222564625,-0.07097348070549218,-0.032449502869595956,2.70877973550245,4.800038963569063,4.0227013346703915,84827000,291931.176470588,6.3754110225171,80.6797,51.224185650415166,53151.17647058824,1.779876883416781,11.6011109443027,-16.70632435817156,Buy,0.617400423748652,93688470,92341000,1700,102466.4705882353,,4.41436648493235,640466000,84827000,719834000,0.804445411599524,5,4.68069688242573,23.495649895656037,2.62995105615143,3.676760834247071,0.9667088912385757,70.66282222856115,69.52752145379527,46.5381647165025,7.817372382911516,66.51,-4.288386818247216,1.0176184690157983,1.370234,0.5625661,35.726105826316,0.159943886684603,0.8050603795284719,89.8,626943,38.58901357102712
RCMT,NASDAQ,"RCM Technologies, Inc.",285212539,Commercial Services,7.5333699030901435,9.974048553494496,26.2533009211106,20.02149272062022,5.4382537476049135,14.736690854228032,17.427007299270073,13.573604060913706,0.9227518186913815,0.8428045942227512,7.73427172912814,5.822874853920024,39.5067430260484,10.84619451784519,46337.0000,31.57206036852734,17370000,22635000,8,,-4.267719355849737,3.2979383495088825,2.895735239746945,,9.401648557512177,0.7974844096818519,2922000,64787.829614604496,41.1135442623776,65.3236,30.321046373365046,3523.326572008114,0.5605634954711808,5.12800529945836,51.244343891402714,StrongBuy,0.672510549440988,7110760,22827000,4930,5715.618661257607,16.255445664338232,21.9604996033827,27996000,2922000,28866000,0.5985006759247881,8,5.17668095003127,-0.7708505398185974,,0.9935410604017317,3.1759233649010317,34.759285919351406,27.646695460626773,26.9329751662471,31.675863465894093,40.11,61.14905584572117,109.69917500548948,2.955,0.3212157,8.50760897910491,0.124660592059899,35.80959968133837,45,87245.3,61.490522218187685
MTSI,NASDAQ,"MACOM Technology Solutions Holdings, Inc.",20994367065,Electronic Technology,44.01931896227042,37.74522210674263,55.0169505504419,35.76577184136719,16.962072166888255,32.57773671903484,88.41502637334362,49.86905065763109,17.822896443563174,18.351753449819324,18.1136348406408,13.624970819565041,17.1836786221447,75.39500525156639,46331.0000,7.474803555218862,164067000,-248979000,5,,3.18217749557591,-3.160839935730506,0.21147100964055665,22.55462750886188,23.50471356055112,-0.9048648766517903,785975000,483629,,93.1291,,82033.50000000001,,20.6985723048797,107.64408187929602,Buy,0.454716504847053,76370900,204078000,2000,96473.5,12.783931286821826,-3.18730112440411,-182523000,112142000,435596000,0.268729048693028,7,25.5781277948682,1.8198907924393029,24.3548257031733,-0.9459748013703244,2.6027369307094848,286.80759280825197,264.72162079631937,52.890025205271,12.57275138585427,274.9,-27.836404683152207,24.7447474701638,5.512437,1.7077578,23.6393596420539,1.10741113902741,166.69435215946845,395.333333,1326552.5666666667,48.94050040744981
COCO,NASDAQ,"The Vita Coco Company, Inc.",2985222205.0000005,Consumer Non-Durables,71.67329959547322,11.858835173047597,40.8969742981057,28.0838355287718,6.3998491259142645,18.171441417173583,28.70625896898112,26.535714285714285,3.8516839584826457,4.389189690206217,19.0983799279905,7.446222126776191,31.3695200782984,19.926855613445014,46330.0000,27.027194905266526,39025000,-265863999.99999997,4,,-2.5972960613814338,-0.21107426799236764,0.41350355693203744,,,-1.9481926033400012,198154000,1814821.4285714298,24.1615694856858,84.29950000000001,67.7903315428783,116145.83333333333,0.41604747143347465,15.5031458121464,34.53181583031558,Buy,0.044691170349458,57397083,124440000,336,249238.09523809524,14.441104658633952,23.6374573493369,-183337000,198154000,13087000,0.0350757288527927,6,16.7865937238374,6.939381347909338,0.06543343500934763,-2.189255349636989,2.0520161693729264,63.29701824103194,60.20906205573414,36.3283479287612,37.21979159478297,52.01,-33.87158296249206,-11.637784573564392,1.96,0.7450507,19.3291105892484,0.119602003185968,112.28846654517054,83.222222,1002336.4666666667,25.741972026603463
WYFI,NASDAQ,"WhiteFiber, Inc.",743552952,Technology Services,72.47491857341547,153.33361893540678,32.1524483557056,59.491803271974156,-281.37366586741103,78.83687613556975,,,976.3483771618534,938.1129363678335,-37.1282760267232,277.511961722488,-13.7709352089862,,46338.0000,-6.588554757698982,-1737470,2070718.53910282,5,,31.284360811572093,-0.22020393157981405,-0.17885467767144714,,,,943855.251924842,7439.70599716327,,24.4028,14.03508771929825,-20933.373493975905,,-47.0700055069082,-17.142857142857146,StrongBuy,0.048492791296943207,38848118,-2767740,83,317.710843373494,,-7.4367595621657,-757187.29804125,943855.251924842,42100.793872421906,0.9519541415470719,,209.662305364869,29.55526538773566,,-28.713966554465298,-0.07158643034511056,23.594521950083326,23.71330228780747,32.4470570378154,-6.433990364380632,19.14,-22.131814483319765,13.725490196078447,-0.987861,6.284004,-1.910470842817,0.101055763826075,-72.22222222222221,40.818182,2500844.2666666666,42.20494807406526
CARL,NASDAQ,"Carlsmed, Inc.",402169377,Technology Services,63.96437027849814,89.74461292897047,76.6284856623746,56.749151700736576,-58.63871235968403,85.94146880176699,,,5.28892293230113,6.340717140374425,-61.0869736946046,4.760288913665229,-66.1407435715456,,46331.0000,-38.49514624227239,-29619000,-67407000,5,,35.73205191113518,-0.33274282804590266,-23.41451273650803,33.062643178766095,-21.380419580419584,,109893000,397724.409448819,,38.0446,-39.10276152345755,-233220.47244094487,-0.2785733924023409,-57.4215972825658,6.430635838150293,StrongBuy,0.176132053525372,27302744,-34577000,127,-238527.5590551181,,-37.5451355015267,-92479000,85893000,16661999.999999998,0.260154784796904,,4.0144348970066,19.079311404857055,33.6936508879254,,-1.2716449868181348,14.031870164170085,12.796429127115514,75.3103284433094,-51.69428642097452,14.73,26.764199655765932,29.66549295774649,-1.45372,1.942242,-60.4407931116202,0.0561955502171417,-46.7350037965072,19.2,147061.13333333333,47.69828638285477
CECO,NASDAQ,CECO Environmental Corp.,4588360114,Producer Manufacturing,22.60834333265804,35.26616528492701,29.7193668537111,53.708108807870936,-0.7079202614733574,38.794622293357804,,34.41064630432558,5.870001632025794,3.615235024270021,5.81805016098816,2.2056273058574978,-2.57852888230334,62.061704582967515,46335.0000,9.578277504283182,-5482000,707981000,5,,11.405648908243608,-1.9055630067451799,0,,2.597092717448477,8.287749487854844,33226999.999999996,502844.805194805,17.7103661071765,88.1638,-148.1732448480615,-3559.7402597402597,,-3.38916618318548,64.85690235690235,StrongBuy,0.75596797762717,58569800,-21599000,1540,51425.32467532467,19.632863413158397,9.62243510993965,206814000,33226999.999999996,233520000,0.37181252282188904,3,2.32699362972052,4.994819361793925,,2.6114527432287393,-0.4987011696423035,75.6015276291569,69.49106169539868,32.6790042627595,2.86138870495574,78.34,-19.675997129088483,43.13904622693222,2.276621,1.508574,9.45833130345051,0.33241357189408,-408.65051903114187,109.142857,794474.0666666667,56.73483716235791
HTFL,NASDAQ,"Heartflow, Inc.",4337247084,Technology Services,62.27347611202636,43.14286016792131,80.0811033832371,47.572770817980825,-33.543520001817825,39.922739412438006,,,19.812910923022514,18.532502233738057,-34.3138040787457,15.463166477045506,-154.233931386728,,46344.0000,-31.859287236343835,-59048000,-135424000,5,,43.761158673065026,-5.06626914901896,-7.979600730535647,39.53459860898268,-4.222368681210044,,176786000,208818.505338078,,74.4312,,-70045.07710557533,,-55.8165743251208,48.62932061978545,Buy,0.0733551307679771,86953630,-59181000,843,-65827.99525504152,,-61.3351399184411,-154732000,44776000,16132000.000000002,0.0969766951348994,,19.4977831265022,48.90778184569846,36.87810309372054,,-0.6849749657338904,39.06236220376207,32.78572204955601,76.8016405921583,-34.10106936334923,49.88,62.105947351316225,139.92303992303994,-0.414933,2.692547,-30.0554049275021,0.0804062298195931,-65.18585675430644,44.777778,2019078.9333333333,68.10583272559607
UMAC,AMEX,"Unusual Machines, Inc.",1146501824,Electronic Technology,639.8156018840284,155.45115969852588,34.0061493973973,687.3212427670825,-207.5127216483081,101.23225640794355,,,26.161786015877368,35.911281163179446,-93.5187883201197,2.954591976641343,-2.94215750942946,,46338.0000,-24.327367355399115,-23239800,-313216211,4,,30.782638547520317,-149.70153454386843,-27.862976954147435,2.0528361664664287,-48462.54335260115,,142476306,79427.0709219858,,92.18180000000001,95.57190873905071,-164821.27659574465,,-20.2916927815488,129.04191616766468,StrongBuy,0.0150340686879887,49956505,-61376080,141,-177247.37588652482,,-19.9732313399635,-139846251,103261397,2173626,0.00813320277762487,3,71.4594496902512,20.50957394380293,1.8089211058237373,,-1.2625938823604534,23.6868991533042,18.688347936069658,33.6236006499383,-13.471135255667408,22.95,-11.04651162790698,-0.2173913043478292,-0.27,14.724455,-92.7645824649085,0.106330998215181,49.953110346983436,39,4350845.966666667,45.93212732285483
MXL,NASDAQ,"MaxLinear, Inc",6762990696,Electronic Technology,59.90087635802672,25.184496091801094,55.7446434535004,55.17171661474273,1.5013653636015662,29.710036391070876,,42.61142857142857,12.031149167735926,11.862742727576324,-11.5956268785264,13.948720634641536,-21.3238988831356,,46323.0000,-15.809547196591136,7021000,81891000,4,,-12.450232259586102,-2.1722430359400966,0.2185127950677281,37.8144938744661,-10.179494828957836,,74225000,419408.968609865,,93.9605,51.948786299931335,6296.860986547085,,-18.2375687694444,366.06249999999994,Buy,0.320930747186846,90693200,3308000,1115,-52352.466367713,-0.4620474651318651,-21.973430477864,70802000,74225000,135931000,0.30566166157907804,6,20.3194060699167,-17.140342241799306,44.60665339437731,,0.03398641776170466,71.12815050562568,55.344704017934994,51.5085289784258,-10.112884880109634,74.57,-7.710396039603967,346.5269461077844,1.75,3.9449234,-4.92995623363155,0.162473159154655,,101.5,2305821.566666667,56.44967973548824
ZETA,NYSE,Zeta Global Holdings Corp.,7575590339,Technology Services,37.37984843522876,30.710668203351375,54.1854645526034,43.5491923927351,14.18652101530811,29.72038888237084,,31.092983267689156,4.765418513989319,4.991562970951898,3.39771987240249,8.155081658902496,-0.271166861384226,54.83764075159329,46336.0000,2.830286472547302,185087000,-89704000,5,,-4.377031891672411,-3.7561253789307227,1.5039488000487562,9.355729315535207,77.64150943396227,-0.6571240202182991,319764000,395353.939393939,,98.2067,92.81997918834547,56086.96969696969,,-0.138075737311069,60.87420042643922,StrongBuy,0.27062512661744104,227375000,224405000,3300,30558.787878787876,28.795924082319036,-3.34051427105354,-102022000,319764000,208798000,0.23772122305846602,4,5.9556276417856,-6.926825386575663,8.981058782770788,-1.0116814089088098,0.8745953094277127,26.597807279198168,21.516542249460457,55.1130249228156,5.108696432459853,30.18,50.673989016475275,67.202216066482,0.970637,1.4360154,8.69005020762287,0.151901036897329,,31.357143,8831226.766666668,56.816745613559235
AVO,NASDAQ,"Mission Produce, Inc.",1140696079,Process Industries,-3.1390134529147984,5.855263157894737,11.2812850205454,25.80374615599664,2.6739505462909716,12.675143759617722,379.3002915451895,20.650793650793652,1.2303295323122898,0.8194977677400058,3.82517743742996,1.4930580261336797,0.240114054175734,17.803200854054055,46373.0000,8.558262014483212,37200000,470300000,7,,15.621110281304457,0.48685205438240103,0.8766576991100536,,7.606382978723404,5.084324324324324,66500000,366105.263157895,6.64551383747576,60.0988,-93.74772147283996,9789.473684210527,,0.119536794919686,10.723404255319146,StrongBuy,0.34207389749702005,87678400,-2300000,3800,27921.052631578947,10.038899049593875,4.96313849394418,134400000,66500000,183200000,0.678795811518325,4,2.17780216810442,0.10172939979654191,,1.2667295004712538,-0.02776193101273605,12.819514692961427,12.683271126666657,11.5655549166187,4.531775535493008,13.01,16.891284815813105,2.279874213836471,0.63,0.48069093,6.91072095629436,0.52626964876317,-137.94103431609471,16.5,701352.6,51.967239777207816
BALL,NYSE,Ball Corporation,15855730386.999998,Process Industries,33.95445134575569,8.482871125611746,15.163452899302,22.40289069557362,5.977848581398877,11.730801830818782,17.038828047219457,14.890289145053789,1.5867530850093303,1.1029707554081143,11.4797152533002,2.7584212436197117,17.2571219868517,9.97338418201564,46324.0000,12.513983145648444,788000000,7083000000,7,,1.1089010442565888,8.294933659237053,2.6110433887008804,,5.260188087774295,3.076889661164205,1219000000,823875,12.265343090276168,99.71250000000002,64.14530513143762,49250,0.26491908149875726,6.53120464441219,19.58474745458174,Buy,1.3600811658365601,264702999.99999997,827000000,16000,143750,2.3127057902220693,7.55780227065551,6154000000,1219000000,7274000000,1.31952662721893,9,2.58051838634928,1.5826674861708665,,2.6756521739130434,3.0957666233683585,62.04359288762381,59.4512239308994,15.1342740100137,12.196196490197519,59.9,5.1430577496928205,-3.8986042034333384,4.022756,0.95055956,15.9098762872348,2.24227836444697,8.39884696016772,73.307692,1822882.8,34.21699891772923
PENG,NASDAQ,"Penguin Solutions, Inc.",2621576455.9999995,Electronic Technology,39.56124544272801,15.195735348972494,27.9239770946393,47.636553164052984,7.310961327992441,16.911400448886805,32.45780992259865,19.566193472785166,1.905319710786487,1.7815626220699252,8.1323346897752,5.970553361528909,17.1713718657108,16.513536408256957,46308.0000,6.8876623158384875,100072000,226918000,7,,2.5390240955137435,1.011693601366446,9.793235414456019,5.291391191218704,10.796851471581954,1.3087823925343607,453754000,471997.931035045,6.14235508709062,95.60050000000001,,34507.58620689656,,5.84965112912997,98.5254171517268,Buy,1.8593314833885402,51242700,-67053160.00000001,2900,46581.724137931036,4.0494686832141635,2.18268497934317,279280000,453754000,707339000,1.60619822758113,4,2.27062156802302,-6.797489488012058,5.830022633062387,2.067408410875954,-1.2177534823747345,54.191598419686876,42.657926992558394,28.8589809715706,10.195070776516173,51.16,-20.236981602744006,184.2222222222222,2.614714,2.8537138,11.5379266056773,0.195341255563491,,74.285714,1555800.4333333333,46.86239405611186
AIP,NASDAQ,"Arteris, Inc.",1115261252.9999998,Electronic Technology,40.36131774707758,24.363532925615132,84.5984754476157,46.24893952248214,7.5730741438671565,22.269766474949762,,,11.839345896117706,12.521031785499003,-44.4247473852154,16.446319329680207,-131.412419985036,,46336.0000,-74.730503811285,5345000,-113475000,6,,-19.157325121377045,-8.701990348124799,-6.634947623343999,67.47503397742717,-171.69430051813472,,54696000,236050.16722408,,80.6157,-7.368421052631584,17876.254180602005,-3.4671194059018955,-46.7044850203865,162.61574074074073,StrongBuy,,49152103,6766000,299,-99535.11705685618,17.278095669286706,,-48729000,33998000,3568000,0.128350622100068,5,7.98920617919794,-46.51528718345489,70.71225151957381,,0.14311540146143964,27.075043007029937,24.71286673055509,86.7226795505745,-42.791523658282536,22.69,-38.77495952509444,49.57152274225446,-0.175,1.9131628,-39.0498138627903,0.0368047293146475,-36.28034814475492,41,705157.3333333334,40.5534137683663
FSLY,NASDAQ,"Fastly, Inc.",3689388046,Technology Services,45.77677027097856,21.462596686079007,59.0686770289287,23.27229690200324,6.757657631670881,14.777551335722011,,44.09253339780946,5.45740598946699,5.208302945546464,-11.9629263664317,3.7182957490054043,-8.38939850961797,908.0343937046005,46330.0000,-8.941773847055213,42169000,60794000,6,,-6.94273840266606,-6.651699266154266,-0.2657080219747641,24.310472035426304,-9.33813686117017,14.720096852300241,361759000,547384.2105263161,,93.2797,48.423184492236466,36990.350877192985,,-11.802413657114,210.8724832214765,Buy,0.462776657795258,159300000,18710000,1140,-18740.350877192985,16.492628003868106,-9.22072774917911,68427999.9999999,180563000,367203000,0.401983413687896,6,2.89046884994849,0.18906592098445044,26.06687627600486,,0.11872128734231834,22.544298671835765,19.036652202609417,53.9782506273858,-6.546382352496165,23.16,18.952234206471502,-4.41601320676847,0.525259,0.35819688,0.601013136429982,0.540096195334907,61.59223300970874,27,6136217.433333334,50.95950264054575
ICHR,NASDAQ,Ichor Holdings,2148000106,Producer Manufacturing,53.92453430982328,-16.987822122791727,9.51394519775014,22.68098299935493,-0.6630070954316564,11.614529350796193,,36.52898815658229,2.017931476472596,1.997109850940167,1.32231290825979,2.4771302780476154,-5.16592247974538,44.753579216801576,46335.0000,0.11630513063409008,-6283000,-102314000,4,,-1.2353876281146619,-1.6959296141690405,-9.429142923887733,2.446747435768441,0.14697885196374622,-2.238328593305622,98290000,501138.022210471,,97.7157,-92.81722550953319,-3322.5806451612907,-0.5121969963690972,-3.97384375302095,243.41317365269464,StrongBuy,0.241292932822804,37454200,-25605000,1891,18232.681121099948,0.7205556475821107,-6.35867781040584,61901000,98290000,142691000,0.178096515643613,3,8.05992932085136,-4.931491739661187,2.4361263417372623,1.795376761993155,-0.705327618687521,66.9871779232604,58.47897876765166,8.30093747493807,1.4423369193598627,57.35,-32.234432234432234,36.0294117647059,1.569986,1.8086708,4.50898344174228,0.694997688712601,,98.875,789757.8333333334,43.00645156451165
PAY,NYSE,"Paymentus Holdings, Inc.",4581684480,Commercial Services,40.051975051975056,28.794509950497414,24.3665703204712,28.79886602612853,13.519854041806692,37.25424292654388,55.2383844518676,40.34748970517941,3.095339715901239,3.4404573154107965,7.57895634429406,7.4689222620281885,15.0173432909779,29.600460300165196,46335.0000,13.83519017434098,161766000,-370871000,7,,-5.146724310493622,-94.35419727716247,-0.0018770389007669076,4.034484685071436,,-2.607085866929106,324538000,892915.671641791,12.7988451077214,89.1931,50.88201603665521,120720.89552238806,1.0826329519194866,6.2377790780757,3.7353863701169154,Buy,0.012230789683594801,63114200,159141000,1340,87013.4328358209,31.719083329701213,12.6671101173946,-317684000,324538000,4560000,0.0143979420332855,8,19.9480557683142,-8.58250819530648,5.137788579590424,-2.724609341498139,1.233603243520517,34.592060405199746,30.238017395253387,24.7672600327453,17.927306270175436,36.38,75.07218479307026,50.45492142266337,0.901667,1.31221,10.457066155434,0.295531155762624,75.43859649122807,40,1232962.4,49.779809665327676
CXW,NYSE,"CoreCivic, Inc.",3454349763.0000005,Commercial Services,4.051878765579727,14.538406832060843,17.0873932583908,27.26896026311633,2.440640345299482,12.720745741076628,27.830451756832122,2.1237270101839183,1.8834536870641165,1.3774328391375945,9.94240824207057,2.401382118124901,8.77233232133371,12.2028027130863,46335.0000,7.710409204765228,53967000,1224217000,8,,8.067972377901743,8.929465415388538,5.50711459614288,,3.538044962959392,3.1930459231979054,112446000,161979.48868214802,8.03857034430415,96.97680000000001,32.31077377187435,3953.3367518863083,0.8485139456466229,5.14891893676259,71.81505164781113,StrongBuy,0.961502196407896,98893500,57315000,13651,25571.31345688961,3.0205326989219294,4.4742309177525,1238704000,112446000,1311590000,0.9364209507694601,6,1.88396478547118,3.812439101331512,,3.548542715871133,0.576400901082103,31.801805090947262,25.53507960131113,17.626274092318,8.63897182897583,34.93,30.823970037453183,97.79161947904869,16.4475,0.5993775,15.4345991765015,1.436592381029,5.270574971815106,41.8,1711863.1,61.44324876065035
S,NYSE,"SentinelOne, Inc.",6873970382.000001,Technology Services,15.799437562256136,21.833180354909942,72.3081011810278,20.562136896479107,5.182476794656429,21.889901042167555,,61.8924356475359,5.651122032867816,6.157857085830217,-26.2777781822948,4.718119250165432,-23.007688690893,,46364.0000,-17.522869536513987,51891000,-665060000,4,,-16.577848639973528,-6.601306954546657,1.770359679155219,33.235612139393325,,,651286000,345268.275862069,,94.842,23.480830428852858,17893.44827586207,,-30.9534688141665,8.935466078323229,Buy,0.010438056006874702,342184000,31074000,2900,-86038.27586206897,60.8281471836768,-28.8075298965962,-636285000,192245000,9107000,0,5,3.1004672281603,-25.19763324093906,32.343964413479576,,0.0909853198023751,19.77597689880104,17.524649477706035,73.1759810961591,-16.75468172401186,19.75,33.98914518317503,46.2962962962963,0.319102,0.771784,-20.1228902415937,0.07752227994747,-25.689338235294134,24.45,7716454.566666666,45.6746116986596
GHM,NYSE,Graham Corporation,1031685209,Producer Manufacturing,21.064053202660133,1.4558970174961472,22.5799163692619,28.574260637626832,-0.049328761929610714,16.86406601364485,84.3570057581574,55.916030534351144,3.8733752852788452,3.8334120881645624,6.58477185350836,5.363291291393901,7.48906774827302,38.55481815063272,46335.0000,11.018401251583104,-121000,-20161000,3,,11.918342675019233,-1.5592038888379338,-4.913708130907206,,,-0.7684479341363013,6580000,335099.726775956,9.61938035799486,94.9468,-16.846221370999924,-165.3005464480874,,4.52502029500513,81.49907082386952,StrongBuy,0.143911912482628,11737000,-6117000,732,32939.89071038251,20.266842149901997,8.80858590485318,13613000,6580000,18364000,0.0353389248475515,4,6.49211352542166,12.246613270048453,2.590371514882202,0.5645736562707366,-0.5223740392826643,98.03822010221222,88.79350669659617,22.812717851712,10.293400216091971,87.9,-15.610599078341005,8.585546633724524,1.572,1.0488845,10.0464104645642,0.995644748078565,-19.783913565426165,130.75,181112.53333333333,40.45679279645509
OMC,NYSE,Omnicom Group Inc.,21676076291,Commercial Services,68.74284077892325,8.903484765553731,17.0003531310206,63.425141946409,16.144141640468042,10.088532803028855,67.72672724155666,7.58537191603653,1.3714123135892862,0.9979504990769421,14.297336319302,2.477550432936338,5.51574007322279,8.312861053729645,46315.0000,13.540676745860331,2788400000,8075000000,3,,-6.198625333146304,-59.419551934826885,15.837275870012299,,9.66405082212257,2.1879318286503917,6881100000,143932.5,,99.03040000000001,-83.26303405928094,23236.666666666664,,1.74419904073523,3.8239159001314205,Buy,0.926787760049146,274346000,2389200000,120000,23856.666666666668,5.57075161852465,-0.336827272502534,4282800000,6881100000,9272000000,1.1810635699352101,5,1.26760936004441,-7.086609832161174,,1.4960178845885148,8.502491103202846,82.53923127076835,79.21628346533777,17.2795118081971,17.1766588619423,79.01,3.6876640419947533,0.291952272150297,10.416101,0.67300534,16.4974766777076,0.687900355871886,58.34284409952066,99.615385,2450620.466666667,38.40121883434066
NLST,OTC,"Netlist, Inc.",1717736284,Electronic Technology,1543.8936781609195,296.67128987517196,16.2375332896485,163.37936987483815,-7.833854636060011,28.229879744124865,,6.135443037974683,5.053300361301647,5.182053948768506,10.7786321035451,69.81132075471699,9.72573189522342,46.52577306691759,46329.0000,,-14777000,-36574000,6,,22.33164650198464,-12.99736015824344,-1.5213627518623225,1.1785888194874445,,-1.0121768971052194,42082000,2619861.11111111,,96.9558,97.07977207977208,-205236.1111111111,,0.23716056581882,432.6373626373627,StrongBuy,,354392000,-15583000,72,-69430.55555555555,31.908021964730793,,-39649000,42082000,23000,0.17603416296424101,5,11.2878817292208,-20.205128205128208,1.8533637279329904,,-0.04203079147246677,4.388699340492015,2.709253511749735,6.06478290833908,411.3685901112767,4.847,92.34126984126986,227.50000000000003,0.79,1.5264869,10.861292630288,0.000178016571724495,,15,4134907.3666666667,48.689123245835596
ACTG,NASDAQ,Acacia Research Corporation,445971726,Commercial Services,368.51115866707426,184.8856815269441,22.1665816491483,123.59232585826649,20.526448645313287,133.2003401138073,,,0.8825275564528297,1.6107767566295674,-6.95179865935755,0.6683797859722147,-2.81705476417538,13.08649262238321,46342.0000,0.8956934321871047,58548000,-230532000,8,,-2.837040714869576,-0.5648090470100459,0,,0.7129825342084769,-12.279976562083844,330086000,268580.037664783,4.0976116793839,98.38319999999999,-151.04669887278584,55129.943502824855,-0.1940701969853837,-5.39058963840014,46.006389776357835,StrongBuy,0.193165884626001,97586800,2625000,1062,48484.934086629,57.126297714243314,3.38905427066636,-225110000,306719000,100490000,0.193698413783154,4,1.27042972981325,-4.222419956521513,,-4.371831970635645,0.02675355405677899,4.574863561285824,4.420970762799141,29.6179951758569,-2.7279198765162356,4.57,-2.141327623126331,-6.543967280163587,-0.34,0.43592092,6.74380509674036,0.296877819474253,,6,232608.2,51.22296762256477
MDB,NASDAQ,"MongoDB, Inc.",29178312338,Technology Services,36.90547703604742,20.430739716060327,72.5450540288993,30.49888231693501,20.301510229941833,22.794268264784996,511.16285633643804,55.22938622359142,9.63862314815813,11.01623727222875,-0.543810663475601,9.800942455552653,1.98877080781468,1199.1269375,46363.0000,-4.396626996715824,500188000,-2356241000,5,,-23.340492915243395,-0.031022342586154886,1.2412266885234957,27.88760839020113,-41.8695652173913,-105.33981580829757,2387241000,437153.477643719,,96.21100000000001,,88748.75798438609,,2.11648824732191,7.401037805782056,Buy,0.0212816331894709,80556300,659020000,5636,-16599.71611071682,33.0744430069291,-2.43678531743606,-2324410000,1083540000,47090000,0.0184608559584776,8,21.2463884687229,-29.66637650684465,29.07313386614238,,8.037271122173399,379.36742866248915,337.86033994246236,71.7485653241724,-0.49072962671893583,362.21,1.758673971063349,39.15632563678972,6.558284,1.5853974,0.803803404521394,0.0927246097870844,,470.6875,1870478.7666666666,42.356170451879755
CASY,NASDAQ,"Caseys General Stores, Inc.",22747872858,Retail Trade,11.930147296964671,15.597642826171867,21.3728002143921,24.331162885205643,4.10919565920155,10.16380569251458,29.63178723773025,28.82819232053529,1.3448755732747026,1.2484764855271675,5.87735403790775,5.559406029580373,19.9832932342512,16.155114201494055,46370.0000,13.752476510016255,721620000,2364089000,8,,2.9790611234431026,0.5786727005082583,0.9412308629318786,0,9.1591545463323,1.5208739163216307,522991000,352292.990691703,16.87434012085521,99.3898,33.36029997174925,14476.40828117477,0.9057985569277965,4.13881373461085,13.916857925520112,Buy,0.735142098919483,36960200,648926000,49848,29959.737602311023,18.067539239838414,10.9090711979024,2382084000,522991000,2789521000,0.7054737118253369,7,6.91786699253111,1.0048612348217685,0,1.5950390810970427,17.471366912355382,791.4617571357826,734.3569396002728,22.043509686551,14.641683741797868,615.47,-33.10108695652173,-9.733955180100903,21.349587,0.5923438,8.324766736408,19.9306412639383,27.820657358425116,807.631579,449955.06666666665,18.982233626335073
FLYW,NASDAQ,Flywire Corporation - Voting,2174201387.0000005,Commercial Services,20.165433911128677,19.784084044560085,55.2615277672668,27.183810874130927,15.74045985313591,26.594045645177022,67.79210925644917,43.00562899643104,2.636846793022937,3.044936879325277,5.93787576835431,2.66125777565314,4.23054381785604,25.60373391848677,46336.0000,2.610583765432209,98067000,-292711000,7,,-11.474428754946318,1.7161062452629439,3.366431483193603,8.456872654294516,6.234826999432786,-3.9832754984010346,354995000,445017.85714285704,1.63606147624941,93.1024,541.3625304136253,70047.85714285713,0.12438406847283082,4.76989312412233,34.56325301204821,Buy,0.00161164599824467,121668000,158454000,1400,35504.28571428572,36.43607489978875,1.63606147624941,-353649000,330303000,0,0.00180384280973316,7,4.4290213254783,8.642134885698944,10.193330925725292,-7.114815112863638,1.2945122464711318,17.751908707857776,15.571233215076921,56.9709080694996,4.966545069207397,17.87,20.417789757412407,42.61771747805268,0.415527,1.3068008,10.2986806589138,0.130926661756386,32.38578680203045,21.214286,1799713.6,46.15974061348271
TTAN,NASDAQ,"ServiceTitan, Inc.",5274864754,Technology Services,24.53568548513131,34.27278603749192,68.7791271026457,20.912098396269666,10.921313471354315,24.497006003539422,,40.290937707469226,4.548656235853221,5.042874787410905,-12.5983113089704,3.284902843651721,-8.33592344052392,,46406.0000,-9.846020399625587,104950000,-431774000,6,,-12.371520295137504,-6.931110543988696,-0.3930906471919754,32.727170268518776,-21.73792721737927,,428935000,281477.738722906,,69.4175,61.402320264205265,30741.0661980082,,-12.1160294159083,-52.45217391304348,StrongBuy,0.0336827004905477,84082060,133881000,3414,-21647.62741652021,,-10.0901977950949,-377561000,428935000,37322000,0.0297466020965363,7,23.8832805962845,-12.901870827142037,31.25275114078036,,1.3965832992917826,81.74043980107749,80.43817327368463,68.0896806855609,-8.125038046933183,54.68,-19.51722107742125,-27.719762062128225,1.357129,0.10900536,-4.83549820142196,0.279596224788563,26.031294452347076,97.533333,2291887.6666666665,22.95072478362796
OSS,NASDAQ,"One Stop Systems, Inc.",229246254.99999997,Electronic Technology,58.65660909682218,,42.9907153726606,62.28120105313389,-19.881671866027222,31.176963834036087,184.90945674044264,,4.1363448768560644,4.5958700997690585,0.842935009186704,5.933587722186711,-16.6040430196691,151.59553825548298,46331.0000,-8.893075171628162,-6404980,-30040622,4,,5.066978296635746,-16.241883113045123,-5.1366374556478585,8.099944804613273,-1339.322235434007,-22.86092111471318,33374975.999999996,565184.210526316,-8.46659757223297,81.0856,,-112368.0701754386,,-11.1760068382313,70.81784386617099,StrongBuy,0.0319296821392936,24945200,-5639150,57,-41874.0350877193,-9.095114826582195,-8.15849483396168,-31906017,33374975.999999996,1249862,0.035392792626407904,3,16.8874954205617,-17.266748530992366,13.798488305318868,,-0.22700672999284177,12.010915148106719,11.1378888075301,46.5310114696342,1.1619020870323782,9.19,-45.39512774806892,-10.253906250000007,-0.035,1.4596343,2.72853998505227,0.00268343076905612,-158.2822085889571,19.25,862353.3,31.00414425177567
FROG,NASDAQ,JFrog Ltd.,10749408706,Technology Services,32.625379820192336,23.876483543374526,77.5265766831899,28.731331551642825,26.750338447653426,24.120162058214014,,88.95310218587097,16.565683669965765,17.999439632760087,-12.9253186035116,11.165843124899139,-4.93218290472034,,46330.0000,-9.579177275137637,142269000,-810628000,6,,-3.3752444029049036,-6.084469717844962,-0.20215065399709808,35.86160456828932,,,705125000,295466.666666667,,88.76799999999999,51.508817766165905,79038.33333333333,,-7.34596524446548,74.0119760479042,StrongBuy,0.0140357677697936,123301000,169701000,1800,-32852.77777777778,28.664987154156552,-8.58139202822746,-692669000,76551000,6676000,0.015164889154434301,6,12.9199430737335,-4.866640772877424,36.76086793020457,,1.3930939706616137,87.3755806504757,70.02799422306406,76.1463974127557,-8.27533880312949,87.18,9.605230072919285,109.46660259490632,0.980067,1.2757937,-9.20224947580013,0.0538763809845091,81.81818181818181,112,2132424.7666666666,45.94273836564603
SENS,NASDAQ,"Senseonics Holdings, Inc.",460533011.99999994,Electronic Technology,174.2390259532201,2857.4108818011086,54.8686785456793,117.8222289066025,-172.04243129024024,56.89302242791029,,,7.835554887218044,10.47352862848903,-223.215573179524,5.098397312073427,-118.239449179336,,46336.0000,-83.58754816219191,-60657000,-80156000,6,,-5.195803998077307,-38.62667046565673,-20.73336710116234,75.86363168194458,-13.80266612805494,,94345000,271207.69230769196,,88.08370000000001,-11.419632381697303,-466592.30769230763,-0.337718083009179,-225.339375836852,-1.4036676477246863,Buy,0.6777020607410811,52874100,-97243000,130,-514038.46153846156,48.096767862535295,-84.5367255825332,-52974000,40549000,40875000,0.695558778913335,3,-7.30157538870712,34.72744695847753,89.60490115438068,,-1.6811625001061066,7.729439735609057,7.247564785030135,44.7088521428369,-75.34051325550836,8.71,17.70270270270271,55.535714285714306,-2.277143,1.0831299,,0.0153174004822353,-77.9584969153113,13.4,743597.5333333333,53.597334456783834
ACMR,NASDAQ,"ACM Research, Inc.",5014742024,Producer Manufacturing,28.869147337283774,2.174157332066586,43.835447477866,36.00607321285961,-7.390140340327236,15.239516287823577,34.20102603078092,32.113882965413794,4.286391446290708,5.011137851204322,13.2859626199204,2.6956418210857596,10.554963036657,27.868741379310343,46337.0000,6.535583510565549,-66608000.00000001,-1111414000,2,,17.51424878163871,-4.575738728834709,-18.416879583834,15.655847334481951,15.733860531991374,-6.963048817161186,1168077000,358658.57540787896,7.94246319525468,89.98230000000001,27.72721757068316,-26505.372065260646,1.2401634423212136,14.4761084322953,152.72025272025277,StrongBuy,0.20343862826362,64657399.99999999,-118738000,2513,50042.57859132511,41.906758338022954,7.06728486691467,-870169000,765962000,183999000,0.187790365743912,3,6.69698696896176,17.178772598576774,16.08649197999798,-6.919447823977989,-1.6528369278664423,79.38232915979151,66.62029485487265,44.3873299833908,6.925624554678846,72,-22.153746350956858,57.89473684210526,2.242021,1.9523239,15.3806423761674,1.57574778280316,180.56698673982626,123.857143,876101.3000000005,42.38048888995865
SUN,NYSE,Sunoco LP,15908728654,Distribution Services,188.23529411764704,21.412169919632607,9.71678330512114,164.54545454545456,2.726082298321495,11.05186621425109,17.03999473464821,8.992149842767622,0.7954252963290468,0.26565018703974114,4.9240797352265,1.5542616826768763,14.5439935717155,10.875208516062177,46330.0000,5.109667599815182,687000000,14068000000,6,,5.7207779188665375,-0.46856482747905615,-9.259067974797832,,1.6725978647686832,4.859412780656304,891000000,2828395.0617284,-3.267326928878568,76.8809,123.93023827069516,77104.37710437711,0.1351422116446169,2.28645056971779,53.741092636579566,StrongBuy,1.85478836309152,136897000,1722000000,8910,182716.04938271604,18.66582439337643,1.94998125018029,13964000000,891000000,14627000000,1.77779108768567,7,1.85411851734,6.885974190818701,,8.577395577395578,12.502256777143419,73.90992795639514,66.54122697597974,8.39252410618626,10.4052106134216,77.67,21.019009037083194,23.28571428571429,8.637534,0.41622022,7.31411535837902,4.99509446148355,185.46174946662603,83,462110.4,57.341535952990874
AVT,NASDAQ,"Avnet, Inc.",8176930290.000001,Distribution Services,45.70579634957318,20.836443104191442,10.4293021419599,47.662508154889956,-1.2828902644017592,24.467317641553976,24.967421812349638,8.579917326903203,0.41607792084467515,0.28494910211939983,3.1104037201165,1.628243146400517,6.66511992527804,11.564004210267985,46330.0000,10.732334402731633,-354497000,3320419000,5,,4.435876091777094,2.11281199862596,1.6914415935420672,0,3.3953069447736435,3.3396688512586548,155396000,1837279.45478723,4.337390762360075,98.6152,46.114976199194444,-23570.27925531915,0.5052245088068438,1.21012136244606,84.70522803114572,Buy,0.692048367118945,82073000,-354497000,15040,66106.0505319149,7.182369820958412,4.32749751183355,3320419000,155396000,2685975000,0.692048367118945,5,3.14240009291356,4.435876091777094,0,3.3396722102923353,-4.185670598514635,90.10155451247465,76.81865050031101,10.4293021419599,10.732334402731633,99.63,12.588993106565715,63.247583155825,11.612,1.1155223,3.59804366445343,0.868690446672098,1987.4301675977656,106.25,1250032.9,66.78372725881536
ROCK,NASDAQ,"Gibraltar Industries, Inc.",1370208330,Producer Manufacturing,49.079733729488225,2.1998865901094637,25.4453769420275,64.62649870604845,10.644728626394869,10.958226780631234,,12.010408673929632,1.884754642290591,0.9181131002496784,10.9441209413467,1.5382139190364967,6.24079936560914,13.119230135798903,46324.0000,13.223491865670315,120871000,1354131000,4,,39.08236235704531,2.655421210424014,0.3723521371381533,,,6.520904362900896,115724000,493696.086956522,,98.56799999999998,-221.33860153256703,52552.60869565217,,4.17057257165707,-24.365066360806168,StrongBuy,0.0606893112148805,29683900,42678000,2300,75994.34782608696,1.9184782695182978,9.38148513575631,-58045000,115724000,46199000,1.53721574579681,3,1.61359832869971,3.301585889238181,,-0.332089915153873,1.4317152537824145,45.302132544045875,46.61066532677266,27.1417638557782,9.081676705559245,46.16,16.38930912758447,7.976608187134495,3.843333,1.2269108,14.3663509427096,0.951491160387802,-68.5006877579092,75.25,296150.5,50.655331646261885
MLI,NYSE,"Mueller Industries, Inc.",13377050757.999998,Producer Manufacturing,12.780570180403148,14.74812789251308,26.7539014622398,25.45746560496515,16.432482391606463,10.873081533849529,15.763957670854403,14.521008403361344,2.5766596772418398,2.8548636781111494,21.3323701920797,3.7706299844885454,26.313960809429,11.31059231285745,46322.0000,28.671162536010254,686639000,-1393153000,7,,5.272912111711079,2.2605288121672835,0.5714189277056193,,8246.694444444445,-1.3120042265816954,1407788000,864765.521523179,21.851406239248973,97.96910000000001,21.80455901962029,142102.44205298016,0.7191409132971219,18.2467925744298,23.756906077348066,StrongBuy,0.0085639536368921,221181000,666374000,4832,198510.76158940396,11.746431943595613,25.3935852898659,-1380298000,1385055000,18970000,0.00695764921429075,6,16.3212206096356,0.9284149681130276,,-1.439003590477104,3.012649643748418,63.6629540540026,60.58871447125186,27.2653149527814,29.71291607954135,60.48,-11.604793919906466,8.328855454056956,4.165,1.1071672,22.7809437911823,0.347706969510651,1.8314687838325499,80,1161313.4,39.48464312649711
CHCI,NASDAQ,"Comstock Holding Companies, Inc.",206353750.99999997,Consumer Durables,230.72742474916387,17.09270344604433,26.4308914683541,74.07493061979649,7.486358791619605,22.550395757788436,8.50928516916815,,2.405343776285311,2.8783838658332996,21.4759889747273,2.5409727101809825,36.36869219061,11.005847060216707,,17.49228389404925,4706000,-20476000,3,,31.841011900241906,-1.8887398080297226,-0.09255949992399219,,,-1.212386760613417,31282000,119963.740458015,27.8759144970777,37.106,50.795984911450674,8980.916030534352,0.17536477917242135,32.1570454339584,13.969335604770022,NoRating,0.0764657119172169,10061700,10566000,524,23351.145038167942,22.82589944641753,25.8266309204647,-25932000,31282000,4356000,0.059823902469059796,6,9.09141043091812,16.241396092609328,,-2.119320039228506,0.9980164352507793,17.822233764609305,15.515484771961455,23.0269960706957,22.482778240637256,20.07,26.22641509433962,70.08474576271186,,-0.36282364,21.8551444802464,0.0263530745253613,502.81385281385286,,40222.1,60.15858067242731
AMPL,NASDAQ,"Amplitude, Inc.",1572687764.9999998,Technology Services,14.045381466195947,14.018115746487489,72.2776191404737,21.155278011288576,8.217322137208855,14.682963992622097,,171.4044546098132,3.8512904781111676,4.306111884263923,-27.2218052242573,11.537439403242214,-47.886707304752,,46336.0000,-34.451390184735956,28203000,-130883999.99999999,4,,-56.19475231086781,-8.642489203392484,7.250135884410598,29.09749471777845,,,192001000,440017.94871794904,,82.4171,-0.6268338223526175,36157.692307692305,-26.34549581940994,-26.5868701735454,12.51117068811439,Buy,0.0389979865170005,101261630,29444000,780,-110769.23076923077,27.349937974490103,-32.1642121782344,-182433000,81119000,6882000,0.07127123746310521,4,0.298994681131266,-15.042644835553526,28.431823876648387,,0.2275776781573659,11.354526015260802,9.552268754249821,73.865576579044,-47.25986899310185,12.59,85.9675036927622,70.59620596205963,0.073452,1.5014031,-24.2813908202869,0.0515303756376565,-42.492012779552724,13.772727,2077356.7333333334,52.287463097120835