Symbol,Exchange,Description,Sector,Industry,Market capitalization,Price,"Revenue growth %, Quarterly YoY","Revenue growth %, Annual YoY","Gross profit growth %, Quarterly YoY","Gross margin %, Trailing 12 months","Gross margin %, Annual","Operating margin %, Trailing 12 months","Net margin %, Trailing 12 months","EBITDA margin %, Trailing 12 months","Free cash flow margin %, Annual","Free cash flow, Trailing 12 months","Free cash flow, Annual",Price to earnings ratio,"Forward non-GAAP price to earnings, Annual","Price to earning to growth, Trailing 12 months",Price to sales ratio,Price to book ratio,"Enterprise value to EBITDA ratio, Trailing 12 months","Enterprise value to revenue ratio, Trailing 12 months","Net debt, Annual","Net debt to EBITDA ratio, Annual","Debt to equity ratio, Quarterly","Return on equity %, Trailing 12 months","Return on invested capital %, Annual","Return on capital employed %, Annual","Earnings per share diluted growth %, TTM YoY","Earnings per share diluted growth %, Quarterly YoY","Earnings per share estimate, Annual","Revenue growth %, 5 year CAGR","Piotroski F-score, Trailing 12 months","Altman Z-score, Trailing 12 months","Shares buyback ratio %, Annual",Buyback yield %,"Performance %, 1 week","Performance %, 1 month","Performance %, 3 months","Performance %, 6 months",Performance % 1 year,"High, 52 weeks","Low, 52 weeks","Simple moving average, 50, 1 day","Simple moving average, 150, 1 day","Simple moving average, 200, 1 day","Exponential moving average, 21, 1 day","Exponential moving average, 50, 1 day","Exponential moving average, 200, 1 day","Relative strength index, 14, 1 day","Average true range, 14, 1 day","Volatility, 1 month","Volatility, 1 week",Volume,"Average volume, 30 days","Relative volume, 1 week",Gap,Free float %,Total common shares outstanding,"Number of employees, Annual","Revenue per employee, Annual","Cash and equivalents, Annual","Cash and short-term investments, Annual","Long term debt, Annual",Upcoming earnings date,"Target price, 1 year","Beta, 5 years",Analyst Rating,"Interest coverage, Annual","Research and development ratio, Annual","Sustainable growth rate, Annual","Sloan ratio %, Annual","Capital expenditures per share, Trailing 12 months","Free cash flow per share, Trailing 12 months"
RELY,NASDAQ,"Remitly Global, Inc.",Commercial Services,Miscellaneous Commercial Services,4652815435.613378,21.98,20.22668337169663,29.36668241079842,27.182546388616625,60.030923465528,58.6740519353917,10.3629528483463,16.8546149514624,11.7896541224748,17.323335455466697,344543000,283262000,15.81977832157766,15.798639936920445,0.00738822491619994,2.6665684900054107,4.1288005439948305,18.81518280195069,2.218244974861354,-351187000,-3.2919357711307544,0.0339566649627989,32.2455689645147,7.8695927176177,,2126.6025641025644,3025.8389261744965,1.391259,44.790346613440725,,8.49923113523066,-5.031995322343979,1.5862223855924444,-11.01214574898785,-16.616084977238234,6.0299083453931495,39.46700507614214,31.85362927414516,27.479,12.08,24.401900000000005,20.825400000000005,19.061374999999988,24.1684144063155,23.985397335658423,20.755262856195888,36.312637978722414,1.0868831101373855,4.334136247399172,5.075041069572992,731836,3614779.1666666665,0.45503632581713294,0.3206596426935423,91.4174,211684050,3200,510983.43749999994,543309000,543309000,183135000,46330.0000,32.15,0.3642897,StrongBuy,10.726090383604834,,8.85547430031416,-12.834258692422704,0.103854801424119,1.558672511524594
FLYW,NASDAQ,Flywire Corp.,Commercial Services,Miscellaneous Commercial Services,2131617599.6214087,17.52,27.183810874130927,26.594045645177022,20.165433911128677,55.2615277672668,56.9709080694996,5.93787576835431,4.76989312412233,10.2986806589138,15.74045985313591,158454000,98067000,66.46433990895295,42.239463038058915,0.12438406847283082,3.044936879325277,2.6091346518994407,25.024244398467832,2.5771670179043142,-353649000,-7.114815112863638,0.00180384280973316,4.23054381785604,1.63606147624941,2.610583765432209,541.3625304136253,32.38578680203045,0.414778,36.43607489978875,7,4.4290213254783,1.7161062452629439,3.4336834154962705,-2.0134228187919434,-6.858054226475275,12.307692307692308,47.972972972972975,34.1500765696784,19.73,10.55,17.884400000000007,15.299399999999986,14.895249999999992,18.137358450010556,17.755343326252795,15.636751102966636,42.688593622979575,0.6298863912491214,3.2496322300036966,2.607436000928347,382670,1605053.4333333333,0.2317752398184141,-0.507042253521126,93.1123,121668000,1400,445017.85714285704,330303000,354995000,0,46336.0000,21.285714,1.3068008,Buy,6.234826999432786,10.193330925725292,1.63606147624941,8.642134885698944,0.130926661756386,1.2945122464711318
SBLK,NASDAQ,Star Bulk Carriers Corp.,Transportation,Marine Shipping,3468184109.89074,30.97,44.46258811430815,-17.618838396096113,283.2712186223291,35.3551315247988,22.4822278006982,27.8357114060106,23.8697262272266,41.3083071139614,20.3307629069843,289832300,211948000,12.115640403724278,6.769077838275211,0.08609628390810141,2.8949001855138916,1.4022152918889745,7.9307103054364525,3.276042169288275,727450000.0077491,2.354725311744167,0.412243485730648,11.6807591106167,2.36883885274581,3.9575007941555267,141.81250591240186,432900,4.575217,8.539234992059242,9,1.99186584788959,3.5752792618271,2.188144352221199,0,6.609294320137687,15.862326973438078,34.593654932637975,59.55692941782585,32.88,16.72,28.93640000000002,26.417066666666642,24.918800000000015,30.63260358931468,29.347678164877614,25.497729441536283,55.21133496160101,0.8992761170536937,2.5566359724448606,2.7044186466224738,1125081,1592467,0.7593169045834085,-1.441845562319767,74.0622,111985000,294,3545914.96602517,500319000.00533,501836000.005346,971794000.010352,46344.0000,35.3,0.71825016,StrongBuy,1.890905424460065,,2.009667859151901,-8.223005031030711,1.52265289637811,2.5974041220636717
SHIP,NASDAQ,Seanergy Maritime Holdings Corp.,Transportation,Marine Shipping,403895203.667027,18.64,48.5818725160434,-5.589427859091,144.84215206885222,50.7047816407963,39.616948873807,37.0312996912144,30.7010884618948,56.3055900361981,10.765406485691793,10154860,17020000,6.517026781343962,5.160575858250277,0.023259504116496382,2.0030214204224883,1.2899511147281415,5.88272937659322,3.312305485723566,234021000.002493,3.029241204371204,0.942246949145503,20.9697451699217,4.19565023773333,8.197082614079704,278.08327825512225,755.3672316384182,3.612,20.07244565310704,8,0.54964971333692,-3.6317218398888835,6.550813969141793,2.0251778872468584,11.217183770883047,21.038961038961038,45.73885848319001,110.85972850678735,19.22,7.66,16.802599999999998,15.168999999999984,13.86184999999999,17.942192102809596,17.06460257735256,14.19590311901873,61.294544450941146,0.6023018511027967,3.0607563800776476,2.3697042656981444,217754,310631.5,0.5712033264862569,-0.1621621621621683,68.8971,21668200,99,1596959.59597706,56353000.00060029,56353000.00060029,235336000.002507,46344.0000,23.7,0.973862,StrongBuy,1.8920859997030814,,5.203478994173502,-1.3679998813019072,3.39960610044399,0.4810917669495869
HNGE,NYSE,"Hinge Health, Inc. Class A",Technology Services,Packaged Software,7506194833.824007,93.02,52.99788638226286,50.577350641899166,88.1580966214212,84.4939525956829,79.6485557785867,13.4973286985408,14.7702764071377,14.1529675958009,28.13203824039737,283923000,165377000,71.63098721700293,40.11355300771869,,10.704014465441123,21.666216354709178,69.89195205400851,9.891785326276533,-355823000,,0.017091261820125003,29.6261734310148,-105.191786802131,-133.55896805441893,,,2.318917,,,8.05183312295155,-125.79687437435709,2.3885604353365992,-0.7892491467576889,6.454566262302587,37.930011862396206,109.9300383660573,62.31024254056882,95.62,30.08,86.39140000000003,63.106333333333374,58.387624999999986,90.12590419876504,85.03642989948729,65.89683022641495,57.016347687829224,4.438330227405968,5.018236081388674,5.640518311926719,439477,1837767.4333333333,0.4688248856726886,-0.3355341487173961,82.782,62468720,143,4110909.0909090904,207995000,363862000,3816000,46329.0000,107.733333,1.3594885,StrongBuy,,62.62324362943558,,-64.54636073023879,0.0822784810126582,3.403373130034522
FRO,NYSE,Frontline Plc,Transportation,Marine Shipping,12059482218.94747,54.17,96.48910487276,-4.174288812160925,324.0346965791124,51.527092108084,32.4517071553821,49.135816748947,54.758975386617,60.6421625651729,34.26837951699994,688973000,669929000,8.112438973253063,5.406781183563066,0.014729689500748986,4.230709243043994,3.822158499980949,8.608358867433257,5.220294978582353,2814331000,3.0893207038080677,0.771704039427602,53.8422866862181,6.96600041033655,10.704207753070426,524.5230078563412,750.1004880849842,10.0189,10.274129401150311,7,3.37848479445226,0,0,15.378061767838123,29.09914204003813,42.29051746782244,64.6504559270517,125.89658048373644,54.39,20.47,41.7458,37.7709333333333,34.46804999999998,46.480854562147876,43.0385180406813,35.5175113017092,83.61148955644653,1.684872508754435,3.156116655664587,3.8921913876926593,2790649,2559950.433333333,1.1398580495576431,1.8026749370032946,64.3042,222623000,85,22999388.2352941,251347000,253414000,2747225000,46356.0000,46.93256,0.06348601,Buy,2.5081786515450957,,7.09160315327278,-5.706974053062528,2.98260885474359,3.0947985766189565
INSW,NYSE,"International Seaways, Inc.",Transportation,Marine Shipping,5502928546.774643,111.1,140.09793448203598,-11.38183274083057,351.7202697905573,59.5329951495586,42.2890020419731,55.6529596108849,61.8606353609804,68.5780481201264,4.521630447929685,269317000,38131000,7.0947348255052844,6.958033538222683,0.030482297277130796,4.265001356202155,2.4286584318167805,6.652947993422239,4.562461876336089,409293000,0.8708824937496675,0.28815429064575404,37.4116050605098,12.1981099814264,12.073936601281563,225.71030408918836,374.7512038523274,15.967155,14.869998957623732,6,4.82014376249186,-0.42610490799593936,0,6.315789473684205,13.541134389371488,36.31901840490797,57.499291182307886,125.40068979509027,111.9366,42.26,95.58179999999999,83.40433333333328,75.89174999999999,101.9264493111747,96.4135802744918,78.87639657411543,72.6469522238799,3.6795092396477913,3.165862501578661,3.9673701186277692,318545,599120.4,0.8887071108355015,0.24132170038983214,83.77579999999999,49531300,2763,305212.45023525204,116922000,166922000,547245000,46336.0000,99.777778,-0.10046752,StrongBuy,7.005418876897751,,8.458766191865337,2.642580008858439,7.29576344131527,5.401727902275211
ASC,NYSE,Ardmore Shipping Corp.,Transportation,Marine Shipping,779657957.4850589,19.085,61.30527718485449,-23.55612838287174,235.40245154451273,35.2676995595766,23.2935843995912,28.4835698343089,29.6668893197105,40.3680835000552,-12.595221746042922,15127270,-39070000,7.393847822718116,6.588606836754105,0.048231174078603466,2.0844543836988203,1.1137683595245433,5.155713711474886,2.081262816071973,82025000.00087391,0.9472802864172988,0.049970143624878095,16.2340059923179,5.39843665750759,6.563011616002718,150.52897214403572,570.5855651384477,2.896667,7.107588617972493,7,7.53919735260292,-0.6827323234270597,3.968379909810158,5.267512410369564,7.15889949466593,16.371951219512212,26.979374584165015,46.807692307692314,20.025,10.31,17.193499999999997,16.557433333333343,15.345175000000005,18.09275053448727,17.494553138033243,15.733626056265066,66.69474904935493,0.6196120682345662,3.113156555735763,2.8861698482342364,353104,580149.4666666667,0.5117500578317844,0.37353255069370483,84.50739999999999,40851900,997,311130.391176923,46845000.000498995,46845000.000498995,128272000.00136699,46337.0000,21,0.024546694,StrongBuy,7.71973167530826,,4.036735591889778,9.908409025213116,2.74360215677223,0.369277238696283
MRX,NASDAQ,Marex Group Limited,Technology Services,Internet Software/Services,5079038848.383332,70.61,33.95195263621318,25.39035511929022,39.71631205719583,75.282662602074,75.7121604496115,32.1859999544924,8.88823168095923,33.1574038262321,18.028541517418066,,654400000,13.160739581003504,11.7069460107682,,1.1795572297389056,2.692878725876692,,,-3304000000.00599,-2.736911862165333,6.12059012187299,26.2038900067727,9.90446732069291,,,105.95918367346941,6.031462,,,0.439615577926664,-2.059197262074634,,-7.819843342036548,-0.5773021684032619,13.887096774193548,99.35064935064935,115.9327217125382,79.1099,27.91,68.25289999999998,56.181633333333316,51.86792499999998,71.67589008128184,68.47570319880522,55.219365491333335,48.97821525132843,3.290636936962429,4.412798641527863,4.594410182318348,154228,717898.2,0.4636410153052065,0.27777777777777446,91.3156,71930870,3109,1167513.6699917,12797600000.0233,13539000000.0246,2414700000.00439,46331.0000,86.142857,-0.07628349,StrongBuy,1.519922128486231,,23.50769303702397,-0.2768557264432901,,
DHT,NYSE,"DHT Holdings, Inc.",Transportation,Marine Shipping,3735828296.2967477,23.17,122.6017975771786,-12.439881303547686,343.19065321295807,59.4712442500962,38.1629414497674,56.6595032304697,65.5970899463573,71.3868726339198,-6.695937425205703,36254000,-33292000,7.882292906956967,6.26400750491361,0.0506698009238395,4.943914306840614,2.80976542036128,7.776268841765327,5.551235133742204,355340000,1.286415060186442,0.32702160368475,39.1763532556201,14.5638241870753,11.693158791313378,148.6465911013365,252.40687679083095,3.69891,-6.372120341597887,6,4.71049006651692,-0.5102432566879093,0,10.333333333333341,25.7871878393051,29.008908685968823,29.441340782122925,80.87431693989072,23.3,10.83,19.160999999999994,18.252466666666646,16.964750000000013,20.67918229078875,19.573529713171588,17.17383045575485,78.97092618103534,0.7396135692627185,3.3349410438559497,4.302545854240602,3042065,3542695.7333333334,0.8524143100053798,0.20325203252031684,88.9481,161236000,737,674622.795115332,79034000,79034000,393880000,46330.0000,21.955556,-0.115324035,Buy,11.987790246312372,,8.490729136723289,6.674822467838966,2.57885364935314,0.2248089241962216
ECO,NYSE,Okeanis Eco Tankers Corp.,Transportation,Marine Shipping,3306813925.223377,86.23,239.39574676290653,-0.42748842124872816,462.9171391591095,65.8676705297593,46.7367613232414,62.341887032832,56.9219820301613,68.799813341211,17.506394266317628,44692060,68546080,8.040917949626536,4.962558094819678,0.018639023202507866,4.572249173567707,3.8367808594335733,7.79282330120677,5.361447885240658,487063913.005189,2.387904848767841,0.8233436695324561,61.5919910455297,11.9773971457313,15.83220262063209,413.8920835729346,606.3465453239133,17.376119,6.718498018974217,7,3.60769973699457,-10.06220144381698,-7.192655452194796,21.382319819819816,39.598510603853,72.46000000000001,81.53684210526316,178.16129032258064,86.75,27.74,63.21500000000002,54.963799999999964,50.47364999999998,71.45961381187048,65.05347189353142,51.97405273196319,84.30659126334912,2.8926980786594676,3.3200103878023803,5.48123194829817,681126,612008.5666666667,1.176500067437486,-0.29010032636287814,51.2263,39044655,14,27967772.7860201,118035984.001257,118035984.001257,470583980.005013,46337.0000,71.092525,-0.43736607,Buy,3.6737975890610177,,10.958710421370032,4.611670892758466,8.18187577900396,1.144639644017856
STNG,NYSE,Scorpio Tankers Inc.,Transportation,Marine Shipping,4329032256.477313,86.44,77.53675751981757,-24.577254248760603,167.47720644383725,59.143127672019,46.1622089441518,46.7231597053982,67.1573954411253,60.5484338277091,45.06236263911953,657566000,422785000,5.442091213578785,7.568450523487413,0.04640662958436241,3.7758494733083903,1.2293482576932397,4.373627274499733,2.6481628161711086,-132751000,-0.2709021637318303,0.200260575722882,24.6193235920985,9.31080083401618,8.375264010471176,116.30646457218342,372.7207419017764,11.421096,0.4829251625933839,7,3.93504320628673,-3.685168063276272,3.580476901461783,4.966605950212512,8.743238143162666,10.537084398976976,23.485714285714284,42.288065843621396,87.6,48.93,78.92999999999998,77.07999999999997,71.98364999999998,81.68427382706543,79.57935446051775,72.63222508482968,70.1824772984188,2.2728170427285614,2.4737089892205364,2.780977509843436,449753,747396.2666666667,0.5690380642951941,0.12830980986819018,86.2159,50081400,24,39092583.3333333,751955000,751955000,600083000,46329.0000,97.461538,-0.22732447,StrongBuy,4.172028235801271,,8.866594216779056,-10.69933943193188,2.38330177724559,12.281864691156583
CAVA,NYSE,"CAVA Group, Inc.",Consumer Services,Restaurants,5950107931.938386,50.94,31.295903640218803,22.40822734569317,28.94618601596793,18.6348785126451,18.3786230655509,7.3237408919966,4.82201045323303,13.3260161187368,2.215969971110418,149020000,26141000,90.96428571428571,93.35038831855682,,4.307184876365512,7.07258353395923,32.96330182936472,4.392694915049021,73219000,0.4785399169961766,0.6189906760682581,8.32306837061907,5.705595633375,6.488472991886546,-52.83018867924528,25.257731958762875,0.545686,,4,8.85463840648081,-0.898403899455216,-0.10280485782729736,-14.601844090528083,-30.504774897680765,-43.001007049345425,-41.56916724019271,-19.014308426073132,98.79,43.41,64.96760000000012,75.99140000000001,72.30545000000001,60.27060219050974,65.42183447055744,72.34773942492261,28.796564102298817,2.9351747712481475,3.9890520772487172,4.8509915546284645,2338782,3347491,0.8534951742524384,1.8003600720143997,88.3015,116806200,13480,87512.16617210681,282917000,393029000,417714000,46336.0000,87.922837,1.741422,Buy,,,8.64181797722648,10.226442118072427,0.596566958666655,1.2588381385211904
ADM,NYSE,Archer-Daniels-Midland Company,Process Industries,Agricultural Commodities/Milling,41585883923.61165,86.285,7.10779686615065,-6.042034596086595,43.11557788944724,7.02444130678222,5.11234206759196,2.49403573689079,2.15443789863187,3.94006524173524,5.233086450488579,1677000000,4204000000,23.619018942297163,16.06055005127054,0.38998360267893606,0.5112937582160758,1.7642798605669903,14.129404981035417,0.5567077745217835,4221000000,2.1361336032388665,0.396300852670428,7.69515031628372,3.52350912745755,2.402248141657098,60.792253521126774,313.7458563535912,5.372481,4.522678418456572,6,3.17223826306975,-0.41841004184100417,0,0.7531527323680477,7.333001617116551,12.555439603443778,25.37779715199071,41.98617739015961,88.75,55.58,82.25910000000003,76.68579999999996,73.06804999999997,84.00185794742349,82.07943320302438,74.36161060129726,62.080010975604544,2.4527251786911792,3.1617626490595843,2.6541796234887016,899962,3638613.1,0.41005482865272963,-1.0391409767925246,99.3072,481960000,41496,1935969.73202236,5505000000,5537000000,7651000000,46322.0000,85,0.6125305,Neutral,1.2287480680061824,0.30621771332544967,0.4037865079815952,-6.40019851495543,2.30515463917526,3.4577319587628867
TH,NASDAQ,Target Hospitality Corp.,Consumer Services,Hotels/Resorts/Cruise lines,1899818632.6218667,19.07,38.712138428075185,-16.99243020462265,,5.16397595633449,4.04821681974831,-9.4395568964326,-10.8481495129085,18.0920522327906,1.7986183666786222,10871000,5767000,,,,5.409307366395295,5.167237492413076,30.896296226042494,5.589774051213315,2348000,0.038209926769731485,0.130448057193962,-9.77021850308212,-8.92277035902847,-5.8458637288472035,-453.08988764044943,39.94673768308921,-0.035,7.326895379855292,3,5.19333721824324,-0.8541389145898812,-0.010895776914995683,1.706666666666668,7.195053400786966,-2.704081632653067,108.6433260393873,119.19540229885058,20.85,5.97,17.274199999999993,15.029000000000002,13.241500000000022,18.43638055426616,17.751763510255657,14.37091348035352,56.624779500252956,0.9236705570793603,4.8922658504878935,3.387729052893087,706877,1695980.1666666667,0.6561448157086763,0.2666666666666705,66.76899999999999,99623400,902,355471.175166297,8348000.000000001,8348000.000000001,2803000,46337.0000,26.333333,1.5113901,StrongBuy,-3.3585174625801852,,,-7.884722155833936,1.59945053812867,0.10847740816528241
BALL,NYSE,Ball Corporation,Process Industries,Containers/Packaging,16374548076.638258,61.86,22.40289069557362,11.730801830818782,33.95445134575569,15.163452899302,15.1342740100137,11.4797152533002,6.53120464441219,15.9098762872348,5.977848581398877,827000000,788000000,17.59635898165268,15.37703566746427,0.27055094011113456,1.126418576957634,2.848680102342494,10.198761110616099,1.622610275529633,6154000000,2.6756521739130434,1.31952662721893,17.2571219868517,7.55780227065551,12.513983145648444,64.14530513143762,8.39884696016772,4.022882,2.3127057902220693,9,2.58051838634928,8.294933659237053,2.5283140521640304,1.8271604938271595,-0.9130225852955315,5.347411444141691,4.794172454684056,23.72,68.29,44.83,62.662,61.16713333333333,59.518100000000075,61.92880598443279,61.94917324133293,59.50282484986295,48.72586982065163,1.164510126613657,1.6179800238800803,1.7071702012558183,471151,1708584,0.4901166628191185,0.11473528929683706,99.71250000000002,264702999.99999997,16000,823875,1219000000,1219000000,7274000000,46324.0000,73.307692,0.95055956,Buy,5.260188087774295,,12.265343090276168,1.5826674861708665,2.24227836444697,3.0957666233683585
AMZN,NASDAQ,"Amazon.com, Inc.",Retail Trade,Internet Retail,2669882465330.609,247.525,19.620517346245126,12.377754683294695,20.640327759428263,50.7696472772277,50.2856648682427,12.6831941006601,17.4403104372937,22.3779135726073,1.07333552789417,-11625000000,7695000000,19.90935122178788,19.383013675116494,0.2226839700364388,3.491804945338285,4.838588291408024,16.065159581582137,3.595047526467885,46605000000,0.30993549245195184,0.438698741887531,30.5583383687507,15.8361215264822,16.186322333811574,89.7295812477109,241.8287822000119,12.770202,13.178194800406008,6,4.28532940604813,-1.3027470971396207,0,-2.2104140328697848,-6.7491711874623235,3.083874729302016,19.346673095467693,6.2635499173589215,287.2,196,255.58629999999994,242.67996666666667,240.119575,255.87765291542286,255.28876984518325,242.91521722938396,40.677829013691344,5.957829147399166,1.8153945334575197,1.910452082428154,14660824,32119731.300000004,0.43739949845252396,-0.12881410514451058,91.01190000000001,10786300000,1576000,454901.015228426,87110000000,123329000000,152987000000,46324.0000,330.856393,1.4432364,StrongBuy,37.20932277924362,15.137029866485149,22.2858249585745,9.865141398607895,15.8697606163441,-1.0662203063377051
XMAX,NASDAQ,"XMAX, Inc.",Consumer Durables,Home Furnishings,566193029.7802817,8.775,7.061121036779655,72.6308057985078,-15.091347902374292,22.8606540237136,25.0228566518224,-20.5148554408057,185.866433001911,-15.3422562265393,-2.761814283253132,-4527400,-461850,20.228215767634854,,,33.73296068920309,5.2906384338504395,,33.470357519306354,-503382.999999999,,0.0527372816894775,52.8696799954989,-18.3564217054458,-10.356533608063925,,,,8.058855371685159,4,23.8982088228762,-473.68232042761156,-12.341554438972281,3.235294117647063,-4.307524536532165,7.012195121951233,32.55287009063444,70.05813953488372,9.4,4.8,8.768399999999993,7.939066666666667,7.427649999999999,8.770026720734357,8.71878091517167,7.389322114887784,49.968907520977254,0.2288494218350811,2.5095399370696136,2.477347181612103,396794,542770.3,0.524964352869665,0.28169014084507443,100,64523399.99999999,22,760122.8636363641,6708340,6708340,5195019,,,1.234444,NoRating,-7.325747015546128,0,,55.8452197632064,0.000104128807203366,-0.07421800405108928
SUJA,NASDAQ,"Suja Life, Inc. Class A",Consumer Non-Durables,Beverages: Non-Alcoholic,352260106.00000006,9.12,,,,,48.1327152934261,,,,,,,,105.23036449859808,,,2.99433637035213,,,157312000,,1.62854252732868,,,,,,0.086667,,,,,,-9.163346613545817,40.523882896764235,-1.9354838709677578,-49.33333333333334,-49.33333333333334,18.48,5.59,8.9615,,,9.128373765676647,9.604717238486899,,50.09841102868707,0.7204537900025539,8.240467269964773,5.20625891450328,121614,922928.7,0.1536322772004586,-0.21929824561403044,37.703399999999995,23788700,,,32025000,32025000,184037000,46358.0000,18,5.3815956,Buy,-1.1056479619813562,,,,,
OABI,NASDAQ,"OmniAb, Inc.",Commercial Services,Miscellaneous Commercial Services,640444680.608046,4.405,244.23915832691816,-29.271342503126064,,36.4042957068934,-18.1667202400086,-125.964063759524,-115.115583638869,-64.0923628988221,-198.32851173256188,-18140000,-37020000,,,,14.568433575161873,2.460660160766855,,15.79329330441912,-33691000,,0.0726657291930811,-16.9507100766171,-21.9410583218455,-21.665588708858998,40.544105523495475,69.58556149732621,-0.361429,,6,6.08794528743414,-18.675156757238977,-4.439103151424133,4.631828978622335,5.256869772998821,112.80193236714977,139.4021739130435,173.60248447204967,5.43,1.3,3.2434000000000007,2.363500000000002,2.2497749999999996,4.152819424706653,3.5518565343824386,2.5493237337423778,58.428069427749435,0.300484931400271,7.4229749691318965,5.885625949175655,300404,2138182.3333333335,0.3774180607641052,0.6896551724137989,81.51350000000001,145390400,89,209730.337078652,25524000,54025000,16454999.999999998,46343.0000,7.642857,0.6038826,StrongBuy,,255.83413693346193,,-10.45044666190067,0.0036336814317326,-0.14084397686245587
CNH,NYSE,CNH Industrial NV,Producer Manufacturing,Trucks/Construction/Farm Machinery,16876393357.467855,13.635,1.952047528113728,-8.798185941043084,-9.762532981530343,30.1259141144774,31.4437261727167,13.3227030296366,1.71001264639578,16.9241766096662,7.40372396264987,611000000,1340000000,54.62740384615385,30.724337235372985,,0.9552977401440558,2.1759147698892334,13.243792513797224,2.2414028348527992,23805000000,6.962562152676221,3.38512119649304,4.02094511603853,1.46965592761224,7.185906351414001,-62.02069385270846,-34.58823529411765,0.443785,-7.016464412729451,6,1.96474091082216,0.47748064123243183,0.9302935566533653,-0.0366568914956069,31.105769230769223,30.353728489483736,35,25.206611570247926,14.46,9,11.43109999999998,11.110433333333356,10.892125000000007,12.797343603190319,11.878784088570187,11.169570220109687,62.571248026115704,0.5706638774504567,4.715118149063151,4.58577192710273,4406389,21586809.033333335,0.4557769131496213,-0.07142857142856991,70.0485,1237730000,34197,529256.952364243,3229000000,3229000000,26945000000,46336.0000,13.413158,1.179845,Buy,1.8,5.66329631471352,5.00498043824699,-1.515895852340515,0.945205479452055,0.492344883158743
SLDE,NASDAQ,"Slide Insurance Holdings, Inc.",Technology Services,Packaged Software,3039254050.1456194,26.0184,47.86186913958723,36.623249216949354,,,,53.049323156682,40.0173531105991,,68.74074855891638,1034559000,794575000,6.337604131144346,6.921320601079973,,2.4274159562211937,2.516614838494388,,2.2162327550011662,-1639632000,,0.0323480228787983,53.8821006380406,54.684193541235,39.896475218048735,-59.701990655306446,90.4350952894642,3.759167,,,,0.8361521197357706,7.4918712369270475,6.371218315617329,19.295735900962868,52.33255269320844,51.35776614310644,87.04816678648454,26.75,13.26,22.155068000000018,19.463689333333335,18.981217000000004,24.137147280520875,22.47081521810596,19.501978241936893,71.33446801016186,0.7744350592408618,3.0088914145551042,3.7175685581189897,749391,1032490.8666666667,0.8823296186775687,1.0196374622356479,62.939299999999996,116811720,504,2293454.36507937,1682968000,,35063000,46337.0000,26,0.061828975,Buy,,,57.4182617692706,-8.963113308111792,0.0192834868942982,8.12623418243514
CPAY,NYSE,"Corpay, Inc.",Commercial Services,Miscellaneous Commercial Services,26613805385.685543,405.33,21.485712730143465,13.933868382366077,23.641139674453388,73.1580626797878,72.6261333189648,45.7507237324076,22.6069624113286,54.5683081094281,28.68881148608019,1638406000,1299145000,24.638024727378824,14.801260946343685,2.103783795687579,5.386716059469752,7.513511920352658,10.012057362211074,5.4634103095040185,1124272000,0.4545504899992763,2.99940116615903,30.3859054405908,11.2385682151538,19.4779755332807,11.781212841854936,-6.9703139531960865,27.384829,13.645189195144859,6,1.50438852643245,2.576210043902512,6.411086183555367,0.26220100427931886,-1.8500133181587144,14.746348091948809,43.22108759407795,32.97355816547471,427.46,252.84,393.3722000000005,349.920133333334,341.2839999999994,407.17395934759213,393.85597665234803,352.6327041346656,50.39714331171906,8.73691530047035,1.856747044492853,1.5945732052593726,132310,457007.0333333333,0.3694274430680059,-0.3016554261189499,96.174,65659600,11800,383762.966101695,8991940000,8991940000,6741445000,46337.0000,459.0625,0.8738218,Buy,5.15121283255086,,30.5393817995075,-6.276236470314925,3.14931021485111,24.702691292875986
SB,NYSE,"Safe Bulkers, Inc.",Transportation,Marine Shipping,899189532.2032521,8.83,33.036732832081604,-10.368198469435914,136.63954255675253,44.2388430531421,35.9259004050962,33.2840106797015,28.2875716668914,52.4606584082544,21.868664705621903,,60300000,11.411217368829154,8.874371859296483,0.13685773937966977,2.851250028336572,1.0331533407826459,7.910563937896818,4.149933925626606,382184000.00407004,3.0513936239336843,0.587684826422882,10.3192925594792,2.92304817765983,4.9322681748825445,81.30271790065605,,0.995,6.830850813635347,8,1.12389975055336,2.8774080056761138,,8.343558282208585,12.77139208173691,27.971014492753618,38.836477987421375,91.95652173913045,9.3119,4.14,7.911200000000011,6.982600000000002,6.537249999999999,8.480530220574352,8.011756465394912,6.698836222910995,59.455026463237616,0.3458757760932755,3.443057517871806,4.434667105351899,892160,1022277.8666666667,0.8824478590854193,-0.1161440185830405,51.971900000000005,101833000,1107,249084.914185199,141579000.001508,157959000.001683,497772000.005302,46337.0000,8.709452,0.82732797,StrongBuy,1.893165363431368,,1.5110918088659278,-5.233034631289528,,
CNK,NYSE,"Cinemark Holdings, Inc.",Consumer Services,Movies/Entertainment,3965344423.284704,34.21,15.513024986709198,2.147893097229054,29.713292788879237,20.7653197752208,18.5521669341894,13.4391817560134,6.37171825290637,19.5700651146196,5.688603531300161,313000000,177200000,19.02458013569125,14.196569999132686,,1.1742788332887348,7.999681976980746,9.781289005294294,1.9142046273852182,2647500000,4.8694132793820115,5.9866854952592305,45.4266030736619,4.19159839209549,9.274308429092784,-1.317089232795523,87.86246236729521,2.409737,35.327963028823596,5,1.58818163305937,5.552037874152447,2.531936429290886,-5.130338325013869,-7.98816568047337,2.9801324503311317,28.851224105461394,20.03508771929825,38.98,21.6,34.8188,30.787266666666643,29.062650000000005,35.415232394297554,34.76244507952813,30.88365269485258,41.14825025713768,1.0911807927478816,3.0061683132438115,2.8174019717931587,433693,2012743.2,0.3226551406967155,-0.23577954612436866,89.31720000000001,115912000,27900,111648.745519713,344300000,344300000,2753900000,46325.0000,40.384615,0.9775285,Buy,2.0892420537897314,,18.678584250277247,-1.134441462369472,2.28522336769759,2.6890034364261166
AMCR,NYSE,Amcor PLC,Process Industries,Containers/Packaging,19762965349.85445,42.745,25.920094469950968,56.6231343282986,53.896103896542,17.535948268527,17.4721347741001,8.61482174763909,4.70518165574759,14.7834595421839,5.228452310027879,1286725160,1229000000,17.928445600201325,,0.5529715195745729,0.8392289628145653,1.6746320569512017,9.709054776955494,1.4353341848796952,13965000000.0659,4.011778224667021,1.27905004240882,9.40556169741018,4.17492403223018,6.779490784903679,32.20583342575136,,,12.818624051260329,7,1.36665301611217,-0.1952277657266762,0.349643724021403,-2.874346739377416,-5.137594318686206,3.9518482490272375,11.02597402597402,2.999999999999994,50.94,36.25,45.19630000000004,42.68609999999996,42.7696749999999,44.600985769680996,44.5994907312895,43.35552260617978,35.840443014103215,0.9943744654223057,1.9602005628048869,2.056061112974501,948200,3495335.7999999984,0.5127869152470877,0.35327366933584214,99.7344,462346000,75000,313413.333334569,1115000000.00526,1115000000.00526,14714000000.0694,,49.625293,0.5951594,Buy,2.9305354558495145,0.7232196035054862,-0.7998691291292137,-1.4018061733376386,2.07771333177579,2.769533275936289
WHD,NYSE,"Cactus, Inc. Class A",Industrial Services,Oilfield Services/Equipment,5475452373.780388,68.29,64.31618386182947,-4.493040447365672,40.75420594822647,30.6580760274505,33.8916325549024,19.1682672625921,6.00549949597736,26.925814029584,20.12991044908906,321565000,217212000,58.457455915083045,22.824953098381265,,3.5986970244322523,3.832346485874641,15.335271639256877,4.129146722517845,-456833000,-1.347840454125693,0.0453080875810757,6.85277668597586,14.1074137980116,15.331101509235346,-56.003314251280514,19.183464297915947,2.991901,25.357808086766664,4,4.01192892415823,-1.082873576710881,0.1505629021535647,-2.720797720797716,-7.063146434403916,19.975404075896,50.31917235307067,70.59705221084188,74.07,33.2,64.41200000000006,57.475533333333274,55.63045000000004,68.84554808939232,65.61467980589046,56.93715408859512,50.12041898645495,2.3745444832930818,3.259872140487396,3.8533638703617097,204274,695655.7333333333,0.4671728527017284,-0.5440229062276242,99.4386,69733200,1500,719367.333333333,494582000,494582000,25458000,46330.0000,70.333333,1.3789783,Buy,57.59967808691653,,11.207474471101854,-2.7217106918776643,0.611001936659831,4.5791324903167006
CF,NYSE,"CF Industries Holdings, Inc.",Process Industries,Chemicals: Agricultural,20265686579.42172,133.91,17.566137566137566,19.339622641509436,42.78959810874704,45.6906577077142,38.5375494071146,41.4523840289443,27.1223672309084,52.9267347202481,25.43760587238848,1910000000,1802000000,9.932281584002729,8.925761804205006,0.13189552593409198,2.6953877761984772,3.5316938600852135,5.998702778179131,3.174917506063021,1654000000,0.500302480338778,0.628566457898399,39.1933526281393,17.6267490459749,18.355057550118147,76.22078736864118,99.60280571283697,15.002641,11.427395430219223,9,3.49139030831679,9.612985973463262,4.722267840516993,-2.8757932910244812,13.252706359945876,27.825505918289412,6.658701712465153,55.76363847853903,141.96,75.415,124.6874,118.85186666666664,110.03320000000011,130.868650184957,125.66809256326539,112.73910708355567,56.60721478071535,5.416562335462831,3.9345886819237683,4.921678431224345,695702,2578871.8666666825,0.4864578987663227,-1.7042939353696342,99.4231,151338000,2900,2442758.6206896603,1982000000,1982000000,3526000000,46330.0000,124.428889,0.39932778,Neutral,14.248520710059172,,23.019439077467986,-4.577538612062338,6.97205977907732,12.410656270305394
DE,NYSE,Deere & Company,Producer Manufacturing,Trucks/Construction/Farm Machinery,181315874477.83444,672.4733,4.959640509278522,-11.554788811568358,4.133154602323503,36.7770575852942,38.2966599456474,19.9766574268981,10.1561034576186,24.8702611450366,7.081178223897607,3229000000,3231000000,37.377278159130704,37.11227446844559,,3.8592281944936535,6.477881035180482,19.715819532207696,4.903375804544183,54563000000,4.762000349101065,2.29296177206145,18.3316091413524,7.41669678885209,12.952255311982485,-5.943518537880851,7.257606063796179,18.11997,5.125998574652968,7,2.65735196003436,0.5152677792318392,0.38551505874101033,-1.2984647449069533,10.901479294819993,12.923930748434115,18.27449566456196,42.479194033645484,705.88,433,626.5660660000003,600.4014886666657,575.0947664999994,660.6955752830769,635.8798862326191,581.0826794948262,57.62953925846066,17.555810012964418,2.904637779198616,2.2762576908061374,308838,1232348.9333333333,0.49615422077289606,-0.33769954973392574,92.5556,269625000,73100,624186.046511628,8276000000,9687000000,43544000000,46351.0000,696.544058,0.91151655,Buy,2.83881882497693,5.064872446743228,13.390651779060033,-0.35378693535605116,14.8356113779091,11.928333949021058
EVER,NASDAQ,"EverQuote, Inc. Class A",Technology Services,Internet Software/Services,851568583.9321618,24.165,24.552924426511055,38.45158839640936,25.65437092768155,97.6460477914401,97.2022509064707,11.0000291314331,15.1588060349736,11.453949825079,13.042781374138833,95135000,90324000,7.8662109375,12.048421041085291,0.05402437467278977,1.1716274804753202,3.31636154036176,7.643856461643489,0.8755234838177032,-168812000,-2.39861322269427,0.00756684762713316,53.6144902762004,52.644245423294,35.15494623883056,147.44260974627466,37.21230928368244,2.005657,14.82513546779134,7,9.49140519221064,-1.8874896328265642,5.571248269978386,-2.44247073072265,-0.4326328800988893,21.79939516129032,54.3103448275862,-0.4736408566721663,28.7299,13.88,25.11929999999998,20.18276666666666,21.357124999999993,24.653859267257065,24.299261190066535,22.18491060004458,46.14515995032975,1.1438606571666203,4.515058285048804,4.065856434171763,336126,534592.1333333333,0.3811954111523285,-1.3077237433592166,83.6717,31682100,356,1945283.70786517,171379000,171379000,1370000,46335.0000,29.5,0.66531986,Buy,,4.549176126066936,53.191683091953,2.749049441288663,0.153903592466606,2.631018556929119
EXPE,NASDAQ,"Expedia Group, Inc.",Consumer Services,Other Consumer Services,34821678403.751945,290.135,13.972530375066034,7.610839237455262,15.630885122410545,84.687898089172,84.0969252698025,16.6433121019108,12.968152866242,22.3821656050955,21.109074865947193,4459000000,3110000000,18.095549942308292,13.901075284478903,0.19002612056003926,2.2877414114649604,28.7965468162861,9.174638134249273,2.05348270087592,-820000000,-0.2862129144851658,4.70223325062035,199.119804400978,19.8283787925222,23.871590634805695,96.19323813369553,188.32501609787508,20.871407,23.161302817574068,8,1.48007176751045,5.107288388948908,5.358730783634321,8.90953453453454,-12.213313161875949,19.865730221028706,21.63459522911164,27.274521845937876,342,185.34,297.1694000000001,255.21993333333293,259.93765,298.68674427508597,293.26268040627264,259.1510944652207,44.88832263703885,12.162921387575935,3.781546671111849,4.030568060691173,610552,1635746.5,0.5605788580981023,-0.9570765661252925,99.3495,114496000,16000,920812.5,6976000000,7296000000,4723000000,46324.0000,346.205882,1.2502239,Buy,6.593333333333334,8.667616914409829,76.23315366665094,-8.404220513659414,6.17696977609504,36.384555127619294
IMAX,NYSE,IMAX Corporation,Consumer Durables,Electronics/Appliances,2843837819.7208633,51.855,12.170062388508274,16.46867759958676,16.751113158616565,57.7431852375224,57.9149317913665,22.7678678721934,9.83508058507043,37.8004816356436,28.98525640397485,126218050,118901000,71.00506641106395,28.020808510155412,3.336651007489019,7.174417855098675,7.990797215125112,19.462623074121243,7.356965260947719,138508000,0.8763555836760519,0.794171778279183,12.1017121075308,6.18358378715912,14.46734843969547,21.655838747293025,33.48039215686275,1.850589,24.52474375217455,8,3.4924892033222,-1.8423909553471267,-0.15803983901801288,-0.9644766997708223,-1.2473814511521637,16.397306397306398,41.44844517184943,59.21093030396069,55.5706,30.74,48.170499999999976,41.65409999999997,40.31427499999999,51.65889727221689,48.92956147038871,41.11133753885476,52.967570969787765,1.7703566707747223,3.326971447644268,3.524395200315482,318974,1009122.5333333333,0.3647136547640867,-0.09475080538185382,81.1632,54842100,679,604141.384389451,151168000,151168000,251772000,46317.0000,56.25,0.39807072,StrongBuy,12.986145069260807,1.003383616276463,10.943945073181,-5.6235186475696155,0.181940715900237,2.231222931287454
NESR,NASDAQ,National Energy Services Reunited Corp.,Industrial Services,Oilfield Services/Equipment,3242384127.68152,32.15,59.072358935509875,1.7164424477454168,96.11890788466445,12.2304753492308,11.023475752749,9.33736484003175,5.7683077863878,17.9667246272967,9.122636885246521,156334000,120788000,35.31414762741652,17.61529939434053,1.7476484647447998,2.0459868349481036,3.1115593219026674,11.573893571890562,2.0794495867179683,217549000,0.9062691367179201,0.286995283313101,9.43773689973819,4.31444336955563,7.8132046496196494,20.168954593453,173.85998715478485,1.825118,9.681218354952414,6,2.82200748809699,-4.9365138668762505,0,-5.994152046783638,-12.75440976933515,31.224489795918362,53.09523809523809,209.1346153846154,36.94,9.92,31.30250000000001,26.4639,24.109775000000003,33.332288275627974,31.626590629518887,24.638167825484572,44.42938023076076,1.4559279573275004,4.119733267168832,4.520452995930237,384112,1916526.1,0.4010977162911761,0.6855718292302861,91.0442,100852000,7352,180093.443960827,124797000,124797000,218893000,46330.0000,43.285714,0.39433458,StrongBuy,3.0240211607664627,,5.45074269194115,-3.287678927410413,1.87655477351376,1.514594150403983
PACS,NYSE,"PACS Group, Inc.",Health Services,Hospital/Nursing Management,6759346865.425515,42.69,9.071091842876305,29.322151514010447,23.672932185300084,15.3658468920587,13.7015374748626,7.40684895329486,4.84905705923829,8.63144874886463,5.64989302188041,455777000,298819000,25.58278899742314,18.031381954003713,0.2434106814556707,1.2282425836843485,6.087309905246721,20.854988396642938,1.8000876350379,3366030000,9.207671349789917,3.06639139048991,28.0792180426029,4.5713397904028,5.847752383099909,103.6241610738255,53.08441558441558,2.367539,,6,2.20819232019571,-0.9264441675443401,0,-1.3176144244105417,-2.2888532845044636,20.3891708967851,23.310225303292896,303.4971644612476,49.49,10.31,44.70060000000004,39.097866666666654,38.39749999999999,43.77985634997062,43.42018718534686,36.80152305261935,43.71416393574735,1.8356333311260706,3.5789832014645473,4.335099807849575,337294,725307.0666666667,0.5362958114724019,1.6868614872891274,28.4377,158335620,47455,111451.522494995,232051000,232051000,3411617000,46351.0000,59,-0.13315926,StrongBuy,10.92638296372034,,23.1286734185622,0.7950313636652209,0.725189054843846,2.813668836134566
OMDA,NASDAQ,"Omada Health, Inc.",Technology Services,Internet Software/Services,1209948109.6642094,19.765,43.12134395724365,53.24499411071848,58.530575673859474,68.0761495226934,65.5232312363091,-0.149793872010175,1.38979012716338,1.75329853208462,6.506283386495523,22725000,16930000,300.37993920972644,60.15442628838212,,4.060697154884929,4.7395808354515365,181.96208979271026,3.190338649286088,-222036000,,0,1.84386865487533,-7.88565856789331,-7.330865626310777,,,0.328571,,,10.3619369288097,-4.816022577359425,-1.39212581642651,-10.24069028156221,-17.645833333333332,14.248554913294797,41.888011486001446,-11.526410026857652,26.915,10.28,22.455099999999998,17.614700000000006,17.062399999999993,21.900387116745705,21.724597179723528,19.427038865660602,36.54423593357156,1.175321369390536,4.7493016006224105,7.793617938347686,233133,1372412.6,0.4396637449154867,-0.10167768174887203,49.1802,61216700,916,284072.052401747,222036000,222036000,0,46331.0000,28.416667,1.8455634,StrongBuy,-4.724546172059984,15.600860843165137,,-8.250656503146631,0.102491125463274,0.35537241778347695
TOST,NYSE,"Toast, Inc. Class A",Technology Services,Packaged Software,18455465088.790356,31.765,23.096774193548384,24.052419354838708,31.63265306122449,26.6754850088183,25.7597919713961,6.39329805996473,7.14285714285714,7.18694885361552,9.881358686819437,576000000,608000000,40.5838763255398,22.930150567316396,0.31716845403961624,2.760964138741919,8.962555619196488,34.2381699157267,2.460679760257254,-1971000000,-5.298387096774194,0,25.16179135387,18.4217613789389,15.661103979460847,128.25896762904637,97.42813918305596,1.385294,49.52825835419377,8,11.1773614739364,-6.517311608961303,2.7308983955442225,-4.004230885463895,-7.323121808898609,30.23780237802378,16.99815837937386,-20.686641697877647,42.15,22.26,32.89910000000004,28.775999999999993,30.080599999999986,33.38534156743541,32.504074535685724,31.332335710468598,39.82832727750744,1.185441378250708,3.268657434484793,3.5299187474267018,2245249,8644399.333333334,0.3758141868382773,-0.1256281407035149,93.69189999999999,516000000,6500,946615.384615385,1353000000,1991000000,20000000,46336.0000,38.962963,1.7279617,Buy,,6.0295790671217295,18.6426819296811,-4.576587795765878,0.1,0.976271186440678
SGHC,NYSE,Super Group (SGHC) Limited,Consumer Services,Casinos/Gaming,6864385516.333334,13.51,18.134715025906736,21.54916376223433,47.333333333333336,28.7947346770876,27.1896010757508,21.2669683257919,15.2200740436035,24.7223364870424,14.612281488121917,,326000000,18.570446735395187,16.07820362074957,0.10503780957842651,2.8237659982558596,8.214263999513589,10.686165584581255,2.641869813382696,-438000000,-0.8777555110220441,0.128605769230769,49.4321977287909,28.492936066086,55.53606664303954,175.8816837315131,,0.840268,16.600900751915493,,11.5089857016806,-0.48849622175984936,,-3.084648493543757,1.7319277108433768,0.7457121551081256,22.92993630573248,6.545741324921136,15.86,8.46,13.970599999999996,12.640533333333337,12.145250000000008,13.707919599472877,13.694448009585924,12.533137325065738,46.096332549812765,0.41599156407805804,2.8944019422420157,2.996376912480888,480797,2187041.2666666666,0.37584426818312383,-0.07440476190476032,31.247000000000003,508097000,2900,769310.344827586,519000000,519000000,76000000,46337.0000,19.5,1.0806566,StrongBuy,38.63636363636363,0.6544150605109816,19.726201657367838,-0.9471191791633782,,
LPG,NYSE,Dorian LPG Ltd.,Transportation,Marine Shipping,2513482466.957057,58.75,123.10944266519084,36.27362613949119,293.5735939483207,60.4981674109806,54.101180050953,52.0196533903233,55.0030051738041,64.1549120358569,23.680255008459387,146279050,114023090,7.795602616668657,6.955180579573125,0.013568259075416606,4.149132945069434,2.032708089624608,7.505051113244375,4.814858939948031,381709114,1.367045366557461,0.522626703958592,28.34202271141,11.4915219547571,12.299958230573932,555.6725247955454,1263.716814159292,8.446941,8.792934207829406,6,2.85664537597507,-0.08178447879792321,0.2064641416131534,7.5416437854658565,23.372532549349017,48.13414019162886,72.79411764705883,80.76923076923077,59.17,23.76,47.39219999999998,40.77213333333335,37.2771,52.5204202577538,48.52480228820086,39.65649898474516,76.07929197600015,1.9695796800013345,3.3227648979784146,3.78385663488579,309753,546317.0333333333,0.5504698359936353,-1.0031678986272445,85.9289,42782700,602,799852.561461794,327409120,327409120,562291975,46330.0000,54.125,0.76159495,Buy,7.093482947294659,,17.7260268034384,4.255123679043519,2.12884123957963,3.423209468806784
CXW,NYSE,"CoreCivic, Inc.",Commercial Services,Miscellaneous Commercial Services,3493907236.168174,35.33,27.26896026311633,12.720745741076628,4.051878765579727,17.0873932583908,17.626274092318,9.94240824207057,5.14891893676259,15.4345991765015,2.440640345299482,57315000,53967000,28.149151462034894,2.1480468156254746,0.8724331123794687,1.4162619543356032,2.428881483920777,12.305977908686138,1.899378364954523,1238704000,3.548542715871133,0.9364209507694601,8.77233232133371,4.4742309177525,7.710409204765228,32.31077377187435,5.270574971815106,16.4475,3.0205326989219294,6,1.88396478547118,8.929465415388538,5.444763903023192,0.6839555428896975,5.588762701733406,25.150549061282316,77.44851833249622,68.96221903395504,36.07,15.735,32.503600000000006,25.211266666666663,23.68249999999999,33.917883726604565,32.162885520236216,25.81432964518425,61.56803031390314,1.3355255841351652,3.687979683808786,3.7229617718839934,469187,1758093.6333333333,0.5499360938646085,-1.0457885811192893,96.97680000000001,98893500,13651,161979.48868214802,112446000,112446000,1311590000,46335.0000,41.8,0.5993775,StrongBuy,3.538044962959392,,8.03857034430415,3.812439101331512,1.436592381029,0.576400901082103
CHD,NYSE,"Church & Dwight Co., Inc.",Consumer Non-Durables,Household/Personal Care,22569951899.478363,95.15,1.5733917546305518,1.5735782941166838,6.108342710175213,43.4894286494036,42.7795331441836,17.4664076672393,11.9567834839704,21.0415629866273,17.61993809646634,1115300000,1093000000,30.615528170147048,25.173063155683558,0.6526766126524155,3.6140505048883425,5.189652765051357,18.87804371669975,3.972235459292412,1973000000,1.5313567215150574,0.558512351074106,17.0405536807184,11.2538375769425,14.385358332387746,46.592141880099994,9.829721362229108,3.779834,4.847582950857543,8,5.08292192838467,3.7928949205721993,2.4820611160139308,-0.10498687664041398,-4.92605915267785,-3.046668025270017,0.6878306878306939,4.2739726027397325,106.04,81.33,98.82820000000027,97.6002000000002,95.31844999999976,97.51412416999035,98.24630722151868,96.47266004978108,37.65640739291323,1.9054986411296333,1.7631647449233094,1.6765984834957064,320432,1746737.7666666666,0.5297587498441065,0.26452227277536766,99.7634,237204000,5550,1117693.69369369,409000000,409000000,2358100000,46325.0000,107.117647,0.4713822,Buy,11.319327731092436,2.34717565127676,10.72652021931894,1.5517705668506783,0.609571788413098,4.682199832073888
TRVG,NASDAQ,trivago N.V. Sponsored ADR Class A,Technology Services,Internet Software/Services,2910754953,5.88,24.044296955199282,24.271779827052203,18.877865834214447,94.5111574055344,96.169149153234,0.949513290242556,2.18862143641726,2.47614180865117,0.5864324068507862,43618670,3632890,27.81456953642384,223.43361782426575,,0.5929762063583414,12.540254643946342,160.9176862989904,3.9845501079634422,-125202242.25,-13.758911510464058,0.17352529670179098,6.74986502280392,4.75823136054831,0.7931272995716792,,19.102196752626554,0.02631654116,16.900273813115874,6,-0.437857350603214,-1.3693232215464857,0.05326580605390694,1.7301038062283676,16.435643564356436,31.838565022421523,111.51079136690649,74.4807121661721,6.49,2.59,5.476500000000001,4.076233333333334,3.7854150000000026,5.682457152282277,5.3815689950285615,4.246089708478624,56.526281908509496,0.3969922742144321,7.2296359579273,7.668255122334391,59497,151430.69999999998,0.7246190092135222,0,99.1674,23063075,893,693717.782771285,153936335.95,167884104.15,39762179.199999996,46329.0000,6.1419095295999995,0.57225245,Neutral,51.95119714952565,,5.56442017015137,3.230476651759155,0.0793257145755307,0.6171253982716566
PKOH,NASDAQ,Park-Ohio Holdings Corp.,Producer Manufacturing,Metal Fabrication,659440299.3879138,45.51,9.997500624843788,-3.447651249849052,15.689149560117302,17.3143167945851,16.9595397411044,5.26379404121593,1.65588928506678,7.27020003626035,0.06253517603652053,19600000,1000000,23.450301437625598,13.945864550139381,,0.38625853629056794,1.6707980768383552,10.943809637472267,0.7956368522317724,625500000,5.458115183246074,1.80005113781642,7.18971398583049,2.4665572629171,7.9338842975206605,-19.473029045643152,29.33915399668824,3.263333,4.305631674268984,5,2.3377627080789,-1.1888395531723772,0,-2.4855367473751953,-7.874493927125507,28.559322033898304,92.0253164556962,109.24137931034483,53.3,18.06,43.14959999999999,33.86523333333333,31.02575,45.472150907096605,43.1438429970553,33.593658174027865,51.74415546219766,1.7130004104733418,3.3281192905192345,3.034568247293992,23096,97049.16666666667,0.34665996655133857,0.6665185514330244,67.5182,14490000,6300,253825.396825397,44800000,44800000,651100000,46337.0000,54,1.2145631,StrongBuy,1.7178947368421051,,5.00584439312412,1.6765285996055228,3.30281690140845,1.3802816901408452
OMC,NYSE,Omnicom Group Inc,Commercial Services,Advertising/Marketing Services,21858515361.8062,79.675,63.425141946409,10.088532803028855,68.74284077892325,17.0003531310206,17.2795118081971,14.297336319302,1.74419904073523,16.4974766777076,16.144141640468042,2389200000,2788400000,68.29675981484655,7.637161454721337,,1.0029747935971531,2.498403122949028,8.362293158968813,1.379567363622418,4282800000,1.4960178845885148,1.1810635699352101,5.51574007322279,-0.336827272502534,13.540676745860331,-83.26303405928094,58.34284409952066,10.432541,5.57075161852465,5,1.26760936004441,-59.419551934826885,15.705092240611968,-1.0125481426264105,-7.666009966392408,5.55776364599893,5.209296183810898,3.7299830751204204,89.565,66.3346,83.16670000000009,78.67373333333325,78.26470000000016,82.62612930929468,82.27239756786324,79.24517040680331,41.40262634537045,2.349401076462722,2.438784002360289,2.190890377849569,556148,2266595.6333333333,0.37420840144015083,-0.4383218534752591,99.03040000000001,274346000,120000,143932.5,6881100000,6881100000,9272000000,46315.0000,99.538462,0.67300534,Buy,9.66405082212257,,,-7.086609832161174,0.687900355871886,8.502491103202846
DLTR,NASDAQ,"Dollar Tree, Inc.",Retail Trade,Discount Stores,21503370109.821884,114.605,7.019079292840889,10.429217510026453,33.37993264281629,38.7379351926134,36.3845702098723,10.5422872433192,8.06280426734168,13.989446252124,7.199229334734543,1978400000,1397500000,13.99721533519792,14.546068855242595,,1.0728951551420822,6.279234010704915,10.014628712314117,1.4009911010589566,6337800000,2.8101804637963905,2.23945347852743,46.031520254893,12.466425199414,15.837837571505295,,197.27553496580632,7.878761,-5.316685313750236,8,3.66239473755755,7.705488991441236,8.489832015522714,-6.878199398716169,-12.321169000076509,5.782721063319181,8.568586585827967,18.45478036175711,142.4,84.71,126.69029999999994,115.12470000000006,117.65467500000004,123.86826536679699,123.94239010472552,115.54770784901358,34.439199539057185,4.632358442553029,3.8209158453306014,3.5959337007633696,1135438,2389898.066666667,0.6983416396872543,0.9575316960723452,99.8162,187630000,153032,126847.979507554,717800000,717800000,6055400000,46350.0000,137.333333,0.6621283,Neutral,17.917502787068006,0,31.6930279476999,-3.8555791537330486,5.96437925615505,10.363541121005762
ASH,NYSE,Ashland Inc.,Consumer Non-Durables,Food: Specialty/Candy,3252931832.8411126,71.035,7.343412526997841,-13.677236157122575,92.85714285714286,26.587086272382,23.9583333333333,8.5729788388497,4.06945198046663,20.72707542051,1.9736842105263157,248000000,36000000,62.84058740268931,20.13084268413125,,1.7538903960933236,1.7395356650727145,11.104533593824902,2.3016450530879613,1225000000,3.173575129533679,0.7893048128342249,3.99042298483639,-21.3811939133828,2.097827250347854,,,3.528665,-1.9817687750063429,7,2.10356359424475,2.127659574468085,0,-2.4512496566877187,-3.6029311982629952,9.28461538461538,40.274486571879926,36.23897199846566,78.25,46.295,71.2519,62.37796666666663,61.94707500000002,72.08975449871465,70.57112474541718,63.46390356293272,45.51990348042883,2.011594094426993,2.5420798668642095,3.32836724527883,152081,624454.9333333333,0.49091337438829025,0.5407713106589009,98.7224,45793400,2900,628965.5172413789,215000000,265000000,1469000000,46336.0000,80.181818,0.3908768,Buy,1.5555555555555556,2.9605263157894735,,-20.2992843201041,1.84782608695652,5.391304347826087
AWK,NYSE,"American Water Works Company, Inc.",Utilities,Water Utilities,27482232690.59542,138.29,6.191222570532915,9.735269000853972,10.956521739130434,43.7925813777441,43.3268482490272,37.112036336109,21.3474640423921,54.7880393641181,-20.75875486381323,-995000000,-1067000000,23.940516584724048,22.73684612043212,5.97538012813772,5.119591218773654,2.3559471779913066,14.956211637511371,8.19421511934054,15747000000,5.678687342228633,1.3768538362623202,10.0953148073567,4.76619476619477,6.01482097984923,3.9987037070377944,8.441295546558704,6.082198,6.356301582563217,5,1.01571333443818,-0.13168292701508322,-1.7320281265316917,-1.5939657012737558,2.29306901398032,10.015910898965782,0.875337369611196,0.6477438136826683,145.64,120.57,135.90820000000008,132.56068000000002,131.85020999999998,138.19027649403773,136.05460159630965,133.5051702203231,51.87174388319181,2.687297100230946,1.8603337660370194,1.9801294802939773,417489,1971546.3666666667,0.3445729135718221,0.21011447616286916,99.79379999999999,198729000,7000,734285.714285714,119000000,174000000,12854000000,46323.0000,143,0.57979566,Neutral,2.931357254290172,,4.39837435148284,6.464065708418891,16.984693877551,-5.076530612244898
NAT,NYSE,Nordic American Tankers Limited,Transportation,Marine Shipping,1709886527.0382164,8.075,56.88616472844984,-16.5985211956242,645.0433250110159,37.9601183708685,19.5882615105077,28.6882712316322,33.1957177913781,43.8353881591502,-39.29719908121636,119064000,-114626000,13.843648208469054,8.972222222222221,0.01652771468695502,4.4677818485906435,3.57997871963114,12.159902673604858,5.330340536749576,378281000,4.361643740847929,0.851226069041757,25.6588180177859,1.54234052153759,3.641213503409006,814.2633228840127,,0.9,-3.8317068657292452,8,2.5927067686349,0,0,12.152777777777766,19.629629629629623,45.23381294964029,45.75812274368229,144.6969696969697,8.12,3.0614,6.67189999999999,5.9183,5.385374999999999,7.182989107188338,6.745274020303917,5.550647579403007,77.3803378841458,0.27756147461403613,3.70285529528087,4.615168292524919,2447526,3673812.433333333,0.8963654254699113,0.3821656050955446,94.453,211751000,18,16204999.999999998,45863000,45863000,388740000,46358.0000,6.975,-0.51933986,Buy,0.4097570627058042,,-13.39024441887368,8.883750626271942,-0.00569537768106067,0.5622839537461094
TNK,NYSE,Teekay Tankers Ltd Class A,Transportation,Marine Shipping,3534943845.9430737,101.93,62.972696744050225,-22.576333890815857,235.0711985220789,42.9183428832139,27.4823307911246,38.754386786643,51.3493868473598,46.1661696565339,11.834456296878432,366917000,112640000,6.007154601870569,5.680057459245045,0.052847099926617375,3.0056570504313456,1.4878430537960432,4.410547820735625,2.036180989703367,-806884000,-2.67500779079559,0.011701323927715399,28.0356296347863,18.1827407225235,10.889061306679254,110.68178149716286,258.99911229471815,17.945241,1.4330735196407929,7,7.87242209960215,-0.6292055326716578,-0.0395197225439178,9.226318045435077,18.38559814169572,38.73689941472711,49.3042331917387,84.95735801125025,102.82,47.18,83.15660000000004,76.82168000000001,72.16335999999993,92.81847496222372,86.03459637756195,73.41397245570695,72.31750573006184,3.3648030228616705,3.4865089421227844,3.795604295653048,158043,487953.5,0.6380431644696527,0.05037783375314575,,,1800,528776.111111111,831261000,853261000,25270000,46324.0000,95.7,-0.2164821,Buy,74.24309392265194,,16.652463754138005,-1.4738897327652267,5.91818832926513,10.509197284038269
FNKO,NASDAQ,"Funko, Inc. Class A",Consumer Durables,Recreational Products,303148976.8698502,5.405,7.365521091234255,-13.491546411392093,114.3921535612056,38.4892761293491,32.170128241407,2.74854472094776,-0.211550235407269,9.16560426917596,-4.193418034835594,27244000,-38085000,,14.130718954248366,,0.32900108854551463,1.6122489157215896,6.13127882910847,0.5619687541158478,250627000,17.549681394860304,1.39242731791519,-1.06975357171903,-16.2224908844822,-10.63531634109616,96.25703875455449,,0.3825,6.835634061665297,6,1.66674270248672,-4.4556044329488165,0,-4.166666666666657,-10.364842454394692,3.3460803059273387,55.763688760806915,60.38575667655786,7.35,2.72,5.9201,5.03463333333333,4.660925000000002,5.81953027751243,5.817445257211137,5.140507337617385,39.996684209692354,0.33320072596236117,5.482709802236247,3.5075480353214803,273552,1309995.8333333333,0.5921893973272422,0,71.35460000000002,55995800,1104,822653.079710145,42148000,42148000,250926000,46324.0000,7.9375,0.9494761,Buy,-2.3364788071529117,0.6276088433389231,,-4.427392686294025,0.621435237991962,0.47413413307530583
VNOM,NASDAQ,"Viper Energy, Inc.",Miscellaneous,Investment Trusts/Mutual Funds,15453964657.73066,43.0239,129.26829268292684,57.689532039326316,195.77464788732394,51.7013712544439,47.9197622585438,48.8572879634332,2.89487049263586,90.3504316912138,78.23179791976226,1495000000,1053000000,336.9138606108065,16.69415792359332,,4.5220765261554074,1.6353580870097362,12.536236457409027,11.326543757100385,2173000000,1.8322091062394603,0.33326713008937403,1.34831460674157,-1.46746330783456,6.58690107691851,-96.30860842920738,157.99361928394185,2.577183,40.37064743907368,5,3.18955194587806,-66.00061302924877,2.6659825431521353,-4.883977900552488,1.6772974249940962,-0.4625346901017642,-10.221109720483936,14.043455219925802,51.13,35.1,43.74140000000008,45.09560000000002,43.64017500000003,44.414397050477824,44.13195427555482,43.54365722139284,43.207516718617775,1.181821404233185,2.120629711299098,3.7767600343384267,1259013,1409320.2666666666,0.602425329067166,-1.0335073977371658,92.4673,194405000,,,13000000,13000000,2186000000,46335.0000,55,0.37849924,StrongBuy,5.462264150943396,,,10.275432089022177,0,7.716806119762766
EXPD,NYSE,"Expeditors International of Washington, Inc.",Transportation,Air Freight/Couriers,24644922975.56998,189.59,32.06964102892848,4.419539994047459,20.747075687379795,15.1992247924186,15.5611039795884,9.90055501818627,7.63375579365972,10.3565868466954,8.61323719223645,923864000,953400000,27.58595602892604,24.583427665542978,2.3233516480089564,2.116403004918079,11.634800197360185,19.400531380243688,2.009232881115339,-743696000,-0.6537710936153903,0.26775119861122504,42.5955991299139,29.4637039536453,38.355596075927664,12.143265073019503,50.82613873176541,7.712106,2.9221442160778155,8,8.2335134523592,2.9847177235277496,3.3556728938442677,1.9301075268817223,1.357925688318627,17.422271770097854,29.157299543565646,52.501608751608764,194.59,112.945,181.93599999999986,161.92159999999976,160.38649999999984,188.20168853381088,181.82933173268285,161.11900457700642,55.73830790130855,3.635000860541315,1.7270115240272759,1.9613994323651749,258127,809332,0.41958082335448876,-0.15471892728211004,99.3706,129991000.00000001,19800,559040.858585859,1314285000,1314285000,459698000,46329.0000,181,1.0583323,Neutral,,,26.23078765315272,-3.095161513785858,0.370527966385531,7.032427001187467
PAYS,NASDAQ,"Paysign, Inc.",Commercial Services,Miscellaneous Commercial Services,665124182.6573541,11.78,48.08443370347535,40.49636965613781,61.46428857585644,51.6813642996903,49.2491214238386,17.0060096777127,15.6725626610849,26.3198818777445,54.176579520675915,68035410,44440060,45.997657165169855,34.14492753623188,0.42694474250091696,7.494296076528323,11.052730343404015,18.662607381105072,4.9119762180140825,-158959317,-10.214318935382718,0.09492363499847549,30.8176670855448,17.4229600145186,14.981382171951644,111.3036303630363,354.16666666666663,0.345,27.73666915163977,7,1.82663187464218,-2.920602946651237,0.45044505644496036,-7.607843137254906,-9.662576687116562,58.76010781671158,270.44025157232704,105.58464223385687,14.43,3.08,11.290099999999997,7.582466666666668,6.88815,12.609184363305573,11.445563513596726,7.9879758140295385,42.945215705295894,0.6763657195565965,5.469974203472645,6.025812315752497,344373,815403.3666666667,0.4980285714268723,0,71.67179999999999,56462200,226,362956.530973451,164984711,164984711,5273891,46336.0000,13.5,0.8008203,StrongBuy,,,19.1345255346568,-12.460742624092818,0.11873689311351,1.0977785732888679
SN,NYSE,"SharkNinja, Inc.",Consumer Durables,Electronics/Appliances,24428535213.07122,173.41,22.188755298032493,15.74617188787331,21.63136881777251,48.5591514620354,48.6327640319366,13.8792634859035,10.0611205049641,16.0652831942779,7.606074395688952,804516000,486727000,35.43173552368109,26.404263418347924,1.011003821022815,3.421788426804742,8.594196427022679,22.12560193736012,3.5545406096755494,124234000,0.11619374165845958,0.321103366391512,27.5277348603576,22.1551534200167,28.866151615566803,33.76882499248366,-6.768292682926829,6.5675,18.37459178513303,8,7.36936207007089,-0.5775595358934944,0.4878556940091574,0.42856315515145027,-5.421325334060539,26.098022105875497,67.93530892891728,52.31444883618797,194.54,83.12,169.45959999999997,135.92553333333333,130.93505000000022,173.8271255430756,167.47753467208946,137.2343526305923,49.99275692247256,6.94202630371193,3.617282674259291,5.776817882716455,815986,1724390.1666666667,0.5489199071158408,1.0712789514632786,61.30369999999999,140871550,4143,1544578.32488535,777289000,777289000,837776000,46331.0000,209.564167,1.1977385,StrongBuy,19.12687242798354,5.61919731065879,30.4139709981152,4.243832151214503,1.31927026629358,5.685343504909018
FIVE,NASDAQ,"Five Below, Inc.",Retail Trade,Discount Stores,13210766693.524805,239.96,22.851116086427677,22.89729956737048,90.45130463996416,36.4945836065179,31.9587745718174,14.7497077458454,11.6521900807472,18.5171140871395,8.641358043737945,599250000,411687000,21.52937904303902,23.412282628283375,0.1687948034895671,2.4644726681411733,5.335367039945215,14.290506053024522,2.646189309468132,1099982000,1.6557964360656428,0.8233185508151251,28.2514138665,9.64171389965967,10.846892072850748,125.47996196718655,416.95595854922277,10.249321,19.41287791697135,9,4.96103079470858,-0.36354314282867417,0.44989061860528723,-5.124149928831243,-1.4092608570606757,23.60789161901819,2.110638297872344,65.83848785376138,263.875,137.77,227.14140000000017,219.32116666666644,211.47102500000022,242.4973694440738,232.05012114233307,206.34540680950775,49.767591099400285,10.140471664365108,4.109263342996589,4.02527297900447,395518,1105492.5333333334,0.4431669672281515,1.0505358580082256,98.2458,55054000,24600,193664.51219512202,723699000,932207000,1731041000,46358.0000,307.590909,0.9890958,Buy,,0,17.9248038980242,-0.7535120495650883,3.68150648045547,10.802246283175537
PBT,NYSE,Permian Basin Royalty Trust,Miscellaneous,Investment Trusts/Mutual Funds,1635269606.1442811,35.085,34.43705645213227,-40.517904603589926,,,,91.5778932073567,91.5778932073567,,,,,100.9349827387802,,,95.11789529616624,10110.951008645534,,92.29076827294462,-1715167,-0.1199249755278982,0,9976.54743984017,8746.99868184835,,-1.6968325791855217,61.478599221789885,,6.003350280578856,,341.273355060538,0,,0.2428571428571453,7.3263995105536965,39.17096390321301,66.67458432304038,92.98679867986799,37,16.25,31.832900000000045,26.36356666666667,24.257725,34.342075519629375,32.241533694734954,25.659789971293527,60.37355854940343,1.170795155763979,2.8758084532957224,2.6517585149254876,65798,116184.7,0.5045923138734776,-1.661589587371923,89.98429999999999,46608800,,,0,1715167,0,,,0.5026647,NoRating,,,-0.1995729816245978,,,
TBBB,NYSE,"BBB Foods, Inc. Class A",Retail Trade,Food Retail,5569252857.127978,51.29,55.71203136635676,29.895955221895708,60.92140172029124,16.3770800201287,14.1518778122021,-0.91796796590462,-3.68325733137445,1.51897884209176,1.5451575268317073,187957810,62893880,,,-0.01111607183657815,1.1855660037768585,18.08871192430179,79.33308492582886,1.2050527748020272,547330292.833505,7.92988550669432,2.65160157284396,-66.67457126255,-21.3810661143264,-4.3087833582334865,-2843.223443223443,-46.43696162881753,-0.6113341497999999,37.12790350169,4,3.51419238181486,-30.772611462810097,-1.5347667025400125,1.6851704996034922,8.229584300485332,17.07372745948413,55.94405594405593,95.0190114068441,52.22,23.81,45.25240000000002,39.93033333333338,38.49804999999999,49.43129992074747,46.4109710364108,39.25720157758476,63.22587708355125,1.5598788222024198,2.902056189002492,2.810173191880794,98567,727651.3,0.33733765571860985,0.17720023626698841,62.216100000000004,65334070,29202,139387.24339147902,79381962.7909564,230188269.974137,598123918.907645,46356.0000,54.50504632649999,0.0456788,StrongBuy,-0.3804985576460235,,,-12.34446916609873,1.82926822162695,1.5827228812776775
DUOL,NASDAQ,"Duolingo, Inc. Class A",Technology Services,Packaged Software,6935090548.1281185,148.23,18.30971399123937,38.710656342577245,18.895294260566104,72.2186511464609,71.6780921925734,14.2055647064372,35.874784498193,15.5853876237771,35.633280614964114,407931000,369727000,17.77743130929108,53.89501761050514,0.07488437797705945,6.725552898597567,4.912883567344089,31.98242981697208,4.984585658477556,-1039483999.9999999,-6.679372341382544,0.061100541801265805,34.4202821131293,35.6953970942129,12.172644967897435,246.51124132485563,-27.48659590764855,2.750347,45.03246102127074,6,6.48599731160049,-4.229279628195211,0.8889573909981642,1.8203049869487409,12.722433460076038,19.83023443815682,51.0208655962181,-48.7979274611399,353,87.89,138.5056,118.17076666666675,130.36425000000017,146.55669759912513,139.45492380753188,154.39124846067892,52.73096780119522,7.853656091836193,4.657460037214417,5.258114726337319,494239,1299200.0666666667,0.5677316439027463,-2.3258835758835654,98.3738,40387000,900,1152876.66666667,1036388999.9999999,1140467000,93779000,46337.0000,134.291111,0.8904879,Neutral,,29.20183232474515,38.1353278478658,6.722277382287362,0.660470508284863,8.153564789830305
ETSY,NYSE,"Etsy, Inc.",Retail Trade,Internet Retail,6787260674.322972,73.95,6.227955703978981,2.676642220364259,5.111094704109375,72.295621372303,71.638643440734,16.0972520085673,14.1729025633278,18.884729292836,22.151891051884498,627170000,638750000,43.50511824920579,22.390269512839815,1.2112946296517098,2.442069464321441,,16.187768165765316,3.0570161966566682,1495210000,3.1183665808106613,,,10.7564429464425,23.482854854516237,35.9404990403071,-295.6470122675109,3.302774,10.814026739489279,7,1.58539123053468,10.60346416067809,9.218888591786913,2.779708130646282,-8.883686545096099,-0.02703798837365962,36.48947951273533,27.919045147898288,87.9736,44,80.79180000000004,67.2862666666666,64.62014999999998,77.42115062083367,77.94099025518638,68.7386635997609,39.89807081144146,3.157488323818945,3.857828160811233,3.458413622595013,584743,3168758.033333333,0.42791369642813754,0.013513513513520429,98.8532,91781700,2375,1214105.68421053,1395836000,1619924000,2464464000,46330.0000,89.230769,1.8129762,Buy,20.403047166243446,15.612687493432462,,-19.896089986962618,0.431558532397889,6.646707221433264
NAVN,NASDAQ,"Navan, Inc. Class A",Technology Services,Packaged Software,5776985684.490409,22.165,35.380803945287056,30.815312655424272,38.95538189253186,68.5377776001879,66.3363545100496,-24.7934004380819,-42.1097432656111,-15.8335845826174,2.1023402846503814,17469000,14764000,,84.53148239960336,-0.19215063160188284,6.959674069524015,4.378513774589014,,6.099387780555133,-645802000,,0.12937831249843199,-49.3879634830164,-41.3708518582999,-18.77731391734333,-83.6890645586298,26.992287917737777,0.26221,,,7.6461437770646,-0.4092390996764647,-16.523617196468834,-16.938354881019297,-23.700516351118765,3.817330210772823,157.13457076566127,0.7499999999999961,30.88,8.105,26.741800000000016,19.43966666666667,18.229550000000003,25.469863479714867,25.635552070704943,18.922857283749295,35.14324056534957,1.5533279186539433,4.726857840220556,6.385883834702491,976792,3187731.3333333335,0.722346882073787,0.35682426404994777,50.05320000000001,245330800,3700,189801.351351351,663163000,820157000,161798000,46371.0000,30.866667,1.100361,StrongBuy,-3.7074991715238115,21.535602657116616,,-13.3821523314261,0.0842494516930303,0.06813989868167727
SDGR,NASDAQ,"Schrodinger, Inc.",Technology Services,Packaged Software,1771397240.4851615,23.68,7.54213919173104,23.28718939572803,23.985014144812308,56.8691489567047,55.7371154770605,-59.2371687223734,-20.9759298936437,-56.9726098789739,4.8685069312812415,-130270999.99999999,12457000,,,,6.800770629451627,5.38301712654182,,5.638532400969604,-293104000,,0.32825666654507,-16.1752710515191,-21.0876588236736,-28.56578031892087,70.32068326484571,,-1.602647,18.807104926417306,2,1.01745344376018,-1.2634842761721947,-0.10054210085097617,19.114688128772638,36.40552995391705,50.06337135614702,93.62224039247751,28.34688346883469,24.348,10.945,17.904200000000003,14.665066666666664,15.232700000000008,20.059506017113712,18.42297945156315,16.57064870109011,72.01782258572436,1.198362003944112,5.864012367495467,8.404020691223105,1143789,1215406.1666666667,1.3966498503177296,0.1720430107526845,96.4216,65641400.00000001,850,301022.35294117604,237385000,402332000,92816000,46337.0000,21.428571,1.6931436,Buy,,67.66665754741685,,-24.10791010245676,0.0448862178590396,-1.7193097579285344
GCT,NASDAQ,"GigaCloud Technology, Inc. Class A",Distribution Services,Wholesale Distributors,1909515717.6637084,53.4725,27.599300694941377,11.098220391645244,37.18548554790581,23.9614160363743,23.2115432472515,11.6459008970923,10.6465255067113,12.2305518657738,14.1706663400156,160189910,182787000,12.668506716577031,12.002805836139169,0.46128588841427937,1.3129411776507132,3.6249666975568715,11.357981956499994,1.3891438740949542,52867000,0.3425914525483589,0.948004112182434,32.3435187324092,16.5943886487792,17.499536399967475,27.059000602046968,27.760008823205045,4.455,36.17382051727238,8,3.36412084762054,8.15528793658502,3.394513836833789,2.535953978906995,2.1637371035536743,60.001496110113685,25.433966690124308,71.38621794871794,56.27,25.39,46.19195,41.80938333333335,41.38016250000001,50.94902553929189,47.32022235990842,40.26541309640187,62.76039810586339,2.37838400502164,4.49579765367888,4.611223428665052,321870,619648.8333333334,0.3962706006123549,0.3891050583657555,92.8674,28839563,1644,784608.880779142,380540000,416856000,369011000,46352.0000,65.5,1.6474017,StrongBuy,728.989999999486,0.8340200806731087,30.8349120554731,-4.008369516136052,0.324155130971125,4.383187681667827
UMAC,AMEX,Unusual Machines Inc.,Electronic Technology,Electronic Equipment/Instruments,1092798575.2279637,21.875,687.3212427670825,101.23225640794355,639.8156018840284,34.0061493973973,33.6236006499383,-93.5187883201197,-20.2916927815488,-92.7645824649085,-207.5127216483081,-61376080,-23239800,,,,35.148185515853065,2.816196056166858,,24.475721981154326,-139846251,,0.00813320277762487,-2.94215750942946,-19.9732313399635,-24.327367355399115,95.57190873905071,49.953110346983436,-0.27,,3,71.4594496902512,-149.70153454386843,-29.232243365009978,-15.377176015473891,-32.79569892473118,-13.708086785009865,29.284869976359325,99.22586520947176,34.9264,7.245,23.2067,19.420233333333332,17.840524999999992,24.032545992938527,23.553919747963345,18.801562971341976,43.35079790651747,2.049583619816426,7.921685845659643,6.840747930268732,1549908,4148881.2333333334,0.2825457283085608,0.08684324793747102,92.18180000000001,49956505,141,79427.0709219858,103261397,142476306,2173626,46338.0000,39,14.724455,StrongBuy,-48462.54335260115,1.8089211058237373,,20.50957394380293,0.106330998215181,-1.2625938823604534
APPS,NASDAQ,"Digital Turbine, Inc.",Technology Services,Packaged Software,1365063320.8154657,11.28,26.77619418602876,15.238345708309378,67.38845649996146,38.263524723975,35.9452703312334,10.327865029285,-5.82317743558307,21.1439794238957,1.978943867414653,30492000,11186000,,15.558620689655172,,2.2875713133924576,7.161222740691362,13.22036194104945,2.7953106085800385,330931000,3.11819578060662,1.86833655137676,-20.3898671861785,-6.7400958175394,5.7971838475488475,60.188289914882645,29.024943310657598,0.725,12.506826258329816,7,1.25898740488094,-13.528854510652344,-4.2373858500165085,-0.6167400881057294,-8.441558441558449,28.914285714285707,248.1481481481481,124.70119521912352,15.335,2.74,10.648599999999997,7.180266666666666,6.641500000000005,11.186063771696233,10.614035899959852,7.681565863101951,51.66526688988645,0.7649477957845278,5.872127065483126,6.573686146612857,832355,3482239.566666667,0.34072800977674733,-0.7029876977152906,88.28590000000001,121016000,620,911695.161290323,37960000,37960000,358711000,46337.0000,17,2.879121,StrongBuy,0.5918060771594401,7.1359449165061175,,-5.597025171624715,0.245972553699284,0.2526849642004773
ZETA,NYSE,Zeta Global Holdings Corp. Class A,Technology Services,Packaged Software,7813275264.949184,31.1269,43.5491923927351,29.72038888237084,37.37984843522876,54.1854645526034,55.1130249228156,3.39771987240249,-0.138075737311069,8.69005020762287,14.18652101530811,224405000,185087000,,32.06852819334107,,5.06996448358465,8.410948021487478,56.57879470331246,4.916725666585726,-102022000,-1.0116814089088098,0.23772122305846602,-0.271166861384226,-3.34051427105354,2.830286472547302,92.81997918834547,,0.970637,28.795924082319036,4,5.9556276417856,-3.7561253789307227,1.458197697335843,0.022172236503850033,7.873505458326109,67.4389456697149,80.97034883720931,52.582843137254905,32.81,14.365,26.281937999999982,20.840779333333327,20.557934500000005,29.837576195166495,27.102513380150814,21.79857735263139,60.49217081536295,1.412685780717256,4.426546433419783,4.699043682677921,1476114,8077087.366666666,0.22057295626635856,-1.6430412371133956,98.2067,227375000,3300,395353.939393939,319764000,319764000,208798000,46336.0000,31.357143,1.4360154,StrongBuy,77.64150943396227,8.981058782770788,,-6.926825386575663,0.151901036897329,0.8745953094277127
MRVL,NASDAQ,"Marvell Technology, Inc.",Electronic Technology,Semiconductors,200893408328.2951,229.095,36.54852699267235,42.08728521145076,44.0332475756976,51.4195316550797,51.0177433919899,16.8068738558564,27.9345629239283,30.1556564341873,17.040490078832402,1730100000,1396400000,75.43712338239652,54.428151015638164,,21.610958382273676,10.83935125232488,71.04593597034707,21.424368361670542,2396000000,0.9113731456827691,0.297119514774763,16.5234889667108,14.6191098007331,7.187487413573203,,49.41912421805183,4.209127,22.51420266306856,7,11.7852497371916,2.1593533487297973,-0.09208863622726611,2.36595174262734,0.5905598243688249,-25.0012276365541,157.6996625421822,237.69899764150944,329.88,70.685,215.7328,180.86920000000006,156.88942500000013,223.99554983140223,221.48825492961672,174.00826673246428,52.41993536503365,14.72484361139431,5.164286910677821,4.518144350491366,8357427,22030148.3,0.3708381256314157,2.2688317546233656,99.48070000000001,876900000,7480,1095534.7593582901,2566100000,2638800000,4394400000,46352.0000,292.656757,2.2532532,StrongBuy,6.606120434353406,25.32399384960828,17.748937024603368,-5.286893153782988,0.518345636126791,1.8780937907077724
BLZE,NASDAQ,"Backblaze, Inc. Class A",Electronic Technology,Computer Peripherals,810271006.0461893,13.09,17.673150035814643,14.26567837778544,16.659432242382152,62.1747503246899,60.9579319093496,-6.98451085391835,-13.0688470470816,9.48350319571601,12.512771282613913,23817000,18248000,,65.44999999999999,,5.052452451008608,9.13742434924646,56.859340622423886,5.392257384990622,10203000,2.04632972322503,0.931091734622422,-24.2918301819479,-22.4384218111412,-17.245347606114755,61.09054190508246,34.40438871473354,0.2,22.079216559697045,4,3.42663364638146,-9.985841890430802,-0.6652095360416665,-6.198495163024008,-29.509962304792676,56.76646706586826,259.6153846153846,33.981576253838284,23.99,3.2607,15.240499999999999,9.224699999999995,8.101774999999996,14.090382655456049,14.115025442593105,10.046720754483998,40.77233703080329,1.0050709500314117,5.610316509762261,6.389997590637213,814696,2629958.033333333,0.3014409100554795,-1.3856812933025382,94.6218,61900000,320,455734.375,29182000,51381000,41458000,46337.0000,22.833333,1.5642598,StrongBuy,-5.329798241076047,31.244900058285047,,-12.101592067811456,0.220449549630387,0.39176592475353844
QMCO,NASDAQ,Quantum Corporation,Electronic Technology,Computer Peripherals,941504905.1354256,23.89,25.692996920013687,2.015266841325559,39.66185276505812,37.8080905646104,36.748205350149,-0.391762186843545,-80.7614370917737,1.5400306655229,-14.150460868227812,-20927000,-39562000,,51.376344086021504,,1.7272689447412712,,196.44098796829508,3.025251454367897,137582000,,,,,,35.717997659046425,-277.0943456671472,0.465,-4.370208465058334,4,-6.11204343119172,-110.25567365699511,-10.929204876016984,-2.0901639344262213,-3.785743052758751,54.22853453841188,362.984496124031,196.0346964064436,27.7999,4.19,17.307600000000008,11.219666666666672,10.258850000000006,22.427996262172798,18.95263539879456,12.631230890669276,59.54097973918534,1.8359034145694577,8.216850494131943,8.09443198131834,317753,1910026.8666666667,0.28603400858729,1.289767841788466,62.70240000000001,39410000,490,570573.469387755,16234000.000000002,16234000.000000002,98206000,46339.0000,26.5,3.1540413,StrongBuy,-0.7599073001158748,8.40650831065058,,-39.1887412997476,0.0413407313079862,-0.9517464071311624
NLST,OTC,"Netlist, Inc.",Electronic Technology,Semiconductors,1586611375.9544277,4.477,163.37936987483815,28.229879744124865,1543.8936781609195,16.2375332896485,6.06478290833908,10.7786321035451,0.23716056581882,10.861292630288,-7.833854636060011,-15583000,-14777000,,5.667088607594937,,5.159765544687781,64.48221230015844,42.896921900548726,4.659160217004707,-39649000,,0.17603416296424101,9.72573189522342,,,97.07977207977208,,0.79,31.908021964730793,5,11.2878817292208,-12.99736015824344,-1.6470952115970847,-10.994035785288268,-27.08469055374592,67.67790262172286,169.69879518072293,452.03452527743525,7,0.4458,4.136620000000001,2.791971666666666,2.332058549999999,4.98027225213445,4.411459513008537,2.7648189794932723,44.43844211915547,0.561020321263434,12.25136129997089,9.01469658306357,702554,4152072.8333333335,0.20073367534655326,0,96.9558,354392000,72,2619861.11111111,42082000,42082000,23000,46329.0000,15,1.5264869,StrongBuy,,1.8533637279329904,,-20.205128205128208,0.000178016571724495,-0.04203079147246677
SEZL,NASDAQ,Sezzle Inc.,Technology Services,Packaged Software,3968600448.417738,117.85,51.65143563453628,66.07617066477826,56.95199712921302,74.6481865509027,72.8741513594904,40.3854578134077,30.3504315766319,40.7043225346737,46.47163203258424,327622000,209252000,25.627364850171787,22.466388110143065,0.44805591379703225,7.773430597100485,17.02953471872006,18.505269945255392,7.532444764428795,68348000,0.3836649920008981,0.52415945195366,88.8405817041124,52.9224982808486,70.05539792990855,57.78891023881416,51.01620787239516,5.245614,50.258205594995054,8,19.237599185421,-0.18674966656271022,1.662248464097743,-0.2961082910321561,-7.619346241279297,-23.02416721097322,78.18264287874204,30.654101995565398,195.71,49.5,142.16339999999994,111.04486666666674,100.46125,123.26138294691057,130.94330488332596,111.66856952622814,41.40065680711983,6.661595548318006,3.9178478035345483,4.155364623644934,84660,667436.9666666668,0.20333659249069222,-0.0335936843873285,50.00800000000001,33675014,201,2240194.02985075,72467000,72467000,140652000,46331.0000,168,6.670571,Buy,12.608872405677197,,103.343174998944,26.12231060502194,0.106439350305264,9.435030526437048
RSI,NYSE,"Rush Street Interactive, Inc. Class A",Consumer Services,Casinos/Gaming,6095639132.742616,26.3,46.267137662183295,22.762565700267185,50.84640381028356,31.8625310090194,31.0988445278149,10.0943639849855,2.33492155111303,13.200057646965,14.477516422373213,181674000,164237000,88.70151770657674,42.42578713546893,1.867844202737594,2.210937630687798,16.407760933308378,32.78703997928704,4.327908177999355,-323792000,-2.5238280823732984,0.07989150403077659,20.7246517970196,26.4758952346886,26.58063661834499,47.07341269841269,-18.95850284784378,0.619906,32.43121012447898,6,7.02376543039749,-11.246991416256419,0.4535045365712473,-1.9022752704214771,2.9757243539545875,-6.8036853295535025,24.11514865502595,24.467581637482265,34.53,15.51,28.103599999999986,25.62033333333335,23.87494999999999,26.42895487000661,27.1018347622092,24.53488807801885,47.14774195924106,1.0934111954566446,3.934436936482098,4.378696564365981,502275,2220884.566666667,0.4089787422948196,0.11507479861910677,97.032,115626000,912,1243890.35087719,340504000,340504000,12449000,46330.0000,36,1.5121802,StrongBuy,96.21350762527233,,29.4874575610965,-14.37787010715067,0.353601320153001,1.5671391061054893
TER,NASDAQ,"Teradyne, Inc.",Electronic Technology,Electronic Production Equipment,54095461830.019554,346.01,103.98956867163265,13.269697468002414,114.00722530428395,59.0609267804417,55.0488284771379,30.8796103238719,25.7735811936184,33.8296753393566,14.122741418369667,799932000,450406000,47.47211436881748,37.53579221827408,0.29881561312578303,11.761296717765585,15.742159971209968,35.68609985793598,12.072491723218349,-38759000,-0.047585022362836564,0.0291307188895955,36.663504111826,19.3153161821601,22.358487821345605,152.82528009989946,385.3085410706989,9.218135,0.43040793018811474,6,30.7560462513486,3.483756075240236,0.944907359523351,-6.098533985377856,-18.58588235294118,-17.97309310733124,14.538713628388898,202.7209098862642,487.91,115.09,364.14630000000034,357.03636666666677,323.0594499999999,360.6382388057571,367.2486430021831,319.4933200344058,45.43294721782923,22.12558307803704,4.490059508197017,3.9702398347850845,765927,2476343.7333333334,0.5527752775809948,2.3013369385609037,99.262,156341000,6600,483215.909090909,293751000,321998000,63899000,46322.0000,455.923077,1.7784404,Buy,100.4683026584867,12.327477678746405,17.003678681514923,5.933862208113159,1.68060091443501,5.072717241729182
AEIS,NASDAQ,"Advanced Energy Industries, Inc.",Electronic Technology,Electronic Production Equipment,10288958784.646605,256.9,30.033975084937715,21.373078495751134,44.38933663980161,38.9047011482972,35.0344674227263,14.6187064481303,10.8303071940328,17.685739523015,6.999110518123193,88600000,125900000,47.903186708683734,22.846714906525452,0.3259906068514339,5.2012518402198396,7.057207609367487,28.488509391361276,5.038403564945826,-112400000,-0.41924654979485265,0.9456768079115451,16.267413577062,9.00606356000705,11.775213347221461,143.32577132486387,91.84040797960103,11.244505,4.904616173165444,6,6.59319980806953,-0.10604332953250532,0.06803409505775787,-10.503396620797783,-22.76007215874926,-29.285144099755026,-21.79366190751622,63.22510960035581,397.44,160.68,294.7454999999998,323.8782333333334,301.5828749999999,279.2808470876803,294.83662952916893,287.2573768541212,40.116177235913085,16.12909299779482,4.589961486561231,4.959449222901228,126593,495057.06666666665,0.5030819234149919,1.9236141597158454,99.07350000000001,40050400,13000,138369.23076923098,791200000,791400000,95700000,46329.0000,429.083333,1.3045269,StrongBuy,12.347305389221557,12.91972426061819,10.426191447673267,0.9780815460758893,3.58156028368794,2.0945626477541373
FTK,NYSE,"Flotek Industries, Inc.",Industrial Services,Oilfield Services/Equipment,996242867.6136026,27.505,70.29477292202228,26.86111482422136,64.74738117294947,23.8237623221649,24.390757896334,13.0526200813741,12.9696758690369,16.6973867453101,1.9977914710320237,-4112000,4740000,27.696103111469135,35.094860111798276,0.2170935615164928,3.5429622347833227,7.70951349199898,21.428592084991262,3.578014894505894,44317000,1.2260554418192884,0.437316678662364,37.7961136559188,21.8926594188348,19.120257831917627,125.14169122647927,430.12295081967204,0.783733,34.883769033375756,6,4.1566682708251,-1.0191337182347935,-0.05520742159163141,2.668906308324001,-22.738764044943824,20.635964912280695,59.17245370370369,134.8847139197267,39.67,11.8,27.08349999999999,21.467433333333332,20.340425,26.3190477568115,26.062837242192355,21.250739389513384,54.20947162081512,1.893533151468085,5.968288397466259,5.437597634232568,207063,663270.6666666666,0.2873389604355699,6.931060044477394,55.4246,36220400,160,1482887.5,5835000,5835000,45416000,46336.0000,39.421429,1.4690734,StrongBuy,7.11252222504445,0.7679274388650521,26.9018937424545,11.352267723469838,0.0497504678727386,-0.10688292784362653
IESC,NASDAQ,"IES Holdings, Inc.",Industrial Services,Engineering & Construction,12918553157.378725,324.19,39.604092756566814,16.887986858774116,42.02068151605955,24.8505046237313,24.2298903622991,12.3812078152575,11.3947917351399,13.8361690244878,8.332927970842373,416671000,280942000,28.809974495010085,28.019878997407087,0.33408095718058345,3.1561340081068967,10.509356436044767,22.871263481830013,3.1645066733819514,-136069000,-0.3185784558184836,0.06259385865435771,45.1753956242729,37.7264632856697,43.855913355490216,82.836948574214,98.47912733375288,11.57,22.879027365084692,6,11.9231458983917,0.5868662961084401,0.15154173816142988,-5.401225561715784,-15.459938718299766,-7.350461547255016,42.29781630637551,75.36106453183318,408.255,170.0658,332.36180000000013,307.0218166666668,284.029375,328.2411034317855,332.5433528275814,289.21834164660174,48.31366463936908,20.72126997445081,5.50324795001061,5.215760259287218,71290,282817.06666666665,0.38902435341048275,2.379499694935926,98.92460000000001,39848700,10283,327868.13186813204,127171000,231758000,65363000,46365.0000,440,1.7795576,StrongBuy,211.97298787210585,,40.5410322473627,9.675301256652299,3.5406246857626,10.314809497929641
COCO,NASDAQ,"Vita Coco Company, Inc.",Consumer Non-Durables,Food: Specialty/Candy,3207348943.2018647,55.88,28.0838355287718,18.171441417173583,71.67329959547322,40.8969742981057,36.3283479287612,19.0983799279905,15.5031458121464,19.3291105892484,6.3998491259142645,124440000,39025000,30.842256319682082,28.510204081632654,0.4541512320265992,4.791174186295553,8.000286338093705,21.55455123364524,4.1663030449675,-183337000,-2.189255349636989,0.0350757288527927,31.3695200782984,23.6374573493369,27.027194905266526,67.7903315428783,112.28846654517054,1.96,14.441104658633952,6,16.7865937238374,-0.21107426799236764,0.38486613769180683,4.879879879879882,-13.658838071693443,-33.84633597727003,4.351073762838479,40.43729580296558,85.83,37.63,64.36719999999998,63.48776666666662,61.16502499999998,57.862531904211025,62.42366178196295,60.07184252586186,40.07798808221243,2.5624435969451262,4.127179536845643,5.070396802846495,802212,1076507.1666666667,0.9762007286349167,0.37647902474005174,84.29950000000001,57397083,336,1814821.4285714298,198154000,198154000,13087000,46330.0000,83.222222,0.7450507,Buy,,0.06543343500934763,24.1615694856858,6.939381347909338,0.119602003185968,2.0520161693729264
VICR,NASDAQ,Vicor Corporation,Electronic Technology,Electronic Components,8638557589.583519,187.36,49.25348270620328,13.547393457324445,76.3707350195213,60.0027847631264,52.5946710947484,18.6397697929149,30.6452633710823,23.1053062395571,29.244470825433343,51268000,119230000,60.1399499261732,54.52852153667055,0.5151373164282907,18.516229177566625,10.352776838424628,74.80627997903159,17.284220075575767,-395629000,-6.86677080621366,0.0091188142664856,20.1343947040503,18.3401709084384,5.487964343431409,114.63313813296591,14.171591157802577,3.436,6.57151867621284,7,178.810277268831,-0.29710424829373727,-0.7410149129200422,-2.4166666666666594,-22.634458552699492,-44.5680473372781,-1.7565937811336554,261.4894848543315,382.65,47.56,213.6197000000002,231.83443333333335,205.9152000000001,194.58337842512415,214.97400566948787,201.08965339411083,44.714372123317126,14.69158623754151,6.280725135480254,7.570141273445509,161912,716322.9,0.3926178912454516,2.1905745501984026,74.77149999999999,34389000,1092,373352.564102564,402805000,402805000,5608000,46322.0000,386.25,2.3603687,StrongBuy,,19.271475910041918,18.5008442387339,-0.08337343257328303,0.694307034459629,1.0746206087029428
STRL,NASDAQ,"Sterling Infrastructure, Inc.",Industrial Services,Engineering & Construction,14697779557.13667,480.4999,90.1122597108393,17.690745057558637,103.79281983203947,23.0000354807319,22.0929788931864,18.2713554744734,12.5485460752203,20.9661170643126,14.508429352193472,482002000,361267000,34.61540511919085,24.26889741906157,0.6493991554900841,4.157428548494875,10.865202716911776,20.256669709740052,4.247037084675252,-40807000,-0.08304959530443241,0.24814799806971902,38.541173528177,22.7122080280544,28.3175598840208,50.9208924067148,116.8125487477251,19.799,11.771662312526043,7,10.8386322601903,-0.04238807916788328,0.4463939586584855,-3.9077073834093263,-17.863264957264956,-44.780281787257515,11.234553325462414,48.75697346831369,1005.6802,281.575,561.2210979999999,591.9670993333331,528.1284245000003,499.4145680642245,556.3670691336572,534.5899921647106,43.588474186736995,30.694760455015274,4.700970540131464,4.779597220804334,532866,554663.9666666667,0.5268304531217334,2.8495490392575578,97.4559,30588500,4400,565920.227272727,390721000,390721000,316089000,46335.0000,893.375,1.8467985,StrongBuy,20.936166986758312,,30.2779195219864,15.196871567967243,3.71499213306361,15.47705744469062
ECG,NYSE,"Everus Construction Group, Inc.",Industrial Services,Engineering & Construction,5724255983.864676,112.1,33.650834648267,31.466705969256253,49.93284335399478,12.9412917245556,12.1175948987651,7.83056685209872,5.9637545022115,8.6468006877298,2.402554781446765,250372000,90009000,22.54807305495213,21.150943396226413,0.4138021099220641,1.311113454792266,7.403322579473445,16.02352675323338,1.385522421497152,201588000,0.6756762192056309,0.470964212410486,39.5245454757263,23.7731529619826,28.95008030948823,53.09006928406465,58.363952813769096,5.3,,6,7.31163476542686,-0.05059735676818083,0,-6.239544998327206,-21.630313199105146,-29.65612449799198,-4.416780354706691,42.857142857142854,171.577,77.86,127.22640000000006,132.47053333333335,122.03314999999995,118.79474377070828,126.3437498335835,120.90610022006983,40.18537198263657,6.121446592259168,4.3169387116420594,4.3585181667652115,150917,513896.43333333335,0.46846404370194406,2.0875297564548627,99.56960000000001,51063835,9400,398551.80851063796,170500000,170500000,323183000,46337.0000,176,2.4028928,Buy,12.565847746025826,,38.3436428075977,5.716155077138922,1.38252635689184,4.888168684107771
APH,NYSE,Amphenol Corporation Class A,Electronic Technology,Electronic Components,192252959213.46198,77.9625,55.00238925366795,51.712245528060066,72.79501290605364,38.9520054047347,36.8816221903727,28.1308166388617,17.7287705607412,32.6252257717603,18.9571633318467,4713700000,4378100000,39.03394582686627,29.518950437317788,0.654907949656768,6.901127824732207,12.406291423924788,21.74046330344761,7.092875236576472,4633500000,0.6720671849617081,1.2142903250794,38.083884653973,18.9940953418808,25.526549192678,59.36328093832282,59.990673816740504,2.6411,21.846731916089922,5,6.3042558102654,-1.4305796741916774,0.15105099093822716,-3.726228698444058,-7.159869008633509,-5.68291797725622,19.813278008298777,30.831515354925326,89.26,59.005,80.05364999999996,74.20101666666666,73.30788750000005,80.31715791328169,79.7146258172856,72.61082890605087,44.53057194199629,2.825496537808484,2.895585388494315,2.949696278615569,3630009,10886707.633333318,0.401447347804671,1.7643271088216228,99.5211,2465970000,170000,135851.176470588,11130600000,11434200000,14989400000,46323.0000,100.40625,1.2423813,StrongBuy,16.237085372485044,2.8015085712306287,28.602253850371767,10.976932353484985,0.449115730685697,1.8281492398386594
CRDO,NASDAQ,Credo Technology Group Holding Ltd.,Technology Services,Information Technology Services,30440692767.41353,161.96,114.72829643974644,205.67592009615936,97.83464566929135,66.3124550216996,68.0052519781053,32.3210217184303,33.8334239446402,35.4422407914295,30.483942968251448,438598000,406996000,57.79744486474913,25.722434978826957,0.17193254734090913,18.373149357812004,11.145688099658802,52.67340737825638,18.668635876052235,-1417838000,-2.9535707292278595,0.00960421331945508,30.6737768994929,33.9952002948349,31.785231390313257,312.1488454184439,93.82823871906838,6.296449,86.80161176253584,6,83.8799386418932,-8.325105597392051,-2.4415147371271506,-1.8543206884014072,-40.985279113831794,-37.40434412924171,54.01293267402055,-0.9479542535624629,308.6699,86.485,217.2710999999999,186.19330000000005,175.85812499999997,188.52410302576402,207.44941709046603,183.12254421046626,36.40865289296311,15.237679683123352,6.031145387185911,4.448538089251666,5307409,6478524.433333334,0.7382718724284142,1.8019815147283784,90.14869999999999,187951920,807,1654418.8351920699,1164952000,1443286000,20617000,46358.0000,287.343098,3.2264404,StrongBuy,,20.89563753261889,34.4076957766919,11.391916515763285,0.317715996666289,2.2564179073763495
NVDA,NASDAQ,NVIDIA Corporation,Electronic Technology,Semiconductors,5197767455143.017,215.675,105.85114348672529,65.4735357900948,113.10371311257497,74.6746366790002,71.0680843575471,65.2142628453736,63.6629490145856,66.4308889688384,44.770258129648326,127006000000,96676000000,27.264050767324857,23.295061781733345,0.21431282780703295,17.006850370830037,22.743522037515874,25.524847614553035,16.956383178288924,-51144000000,-0.3838775050664265,0.16970618034447799,117.210701426553,93.5673289355252,97.23334601072358,125.14871211043119,128.2079851439183,9.2584,66.89858183148777,6,37.3446186437548,0.7067859623319852,1.0490273077924706,-4.261458217733878,-4.560138065315504,4.024984324506824,21.165730337078656,21.850282485875713,236.54,164.27,213.61389999999977,202.62583333333325,197.9635750000001,218.0712869392742,214.72487271637578,199.0577770696474,48.35300690906985,6.599015374694922,2.493749703396704,1.8318116169143894,43865827,120704718.50000013,0.42717444273351973,0.9285007305462596,96.2089,24100000000,42000,5141380.95238095,10605000000,62556000000,10041000000,46351.0000,334.489727,2.21653,StrongBuy,503.42471042471044,8.565884652076058,100.65627671786983,33.644096072107274,0.302820671196212,5.229812641548281
YOU,NYSE,"Clear Secure, Inc. Class A",Technology Services,Packaged Software,5477138236.799062,40.485,26.559801701394743,16.91019198222425,37.374628181940494,63.1770233755436,60.5798980660073,25.1294088961371,14.7781961499105,28.6084596444103,38.090586037196694,508393000,343112000,27.634812286689417,22.12295081967213,,4.270111107120589,20.040491842230317,16.293343847757352,4.661274699410677,-587850000,-2.6587276460638076,0.532216850996155,90.2894542435177,36.511586294777,32.86931890790481,-21.506643806258037,87.16372021521906,1.83,31.304011655429175,6,3.88660157260815,-1.2312693242508668,0.02260304462798276,-6.414701803051315,-10.192990239574089,-19.384707287933093,-16.766036184210527,6.315651260504205,69.07,29.435,49.00189999999996,50.45003333333335,46.60112499999998,44.03228801123695,47.32755780233183,46.32874870806684,27.849684397549026,1.820934673527405,3.3547793594313124,3.6999969473513787,979318,1848155.1,0.9969777984345238,-3.944203944203946,92.8234,102911000,3301,272880.642229627,85734000,700173000,106808000,46331.0000,59.666667,1.020759,Buy,,8.035600297076199,32.08406432280589,-12.376916402581395,0.333292552383694,4.9469695370782265
GLBE,NASDAQ,Global-e Online Ltd.,Retail Trade,Internet Retail,6207234892.182292,36.955,39.14937382760526,27.821601458134516,35.78970662599453,44.3012407511991,44.2977774775383,14.2752241272638,13.8664816756029,16.4621901955784,29.171113963321282,307087310,280683000,42.157198266027834,30.49711410071681,,5.763119925084076,6.929053838682702,31.247304696675883,5.14399073015871,-599334000,-6.388875267831445,0.028108041112989902,16.9591794967036,7.32088129386159,7.722099427905646,,340.93851132686086,1.211754,47.810629450040196,7,8.82378121199426,0.04827729429665223,3.31145519258364,0.6125782738905566,-12.179182509505704,15.84639498432602,10.017862459065181,3.893730671914529,43.99,26.845,38.8801,34.636033333333344,35.570150000000005,38.07770361479738,37.93182545881035,36.02070442661155,43.15679418087942,1.3687290663394323,3.2482926510403383,3.0275046727339165,900174,1384903.7333333334,0.6115445407549486,-0.0822368421052468,68.9452,167967000,1219,789331.419197808,245860000,622836000,18449000,46344.0000,50.5,1.0013045,StrongBuy,62.19128949601957,12.460364063417483,7.47706746064475,-2.3500371012345003,0.012130528716076,1.7535361609258826
QNST,NASDAQ,"QuinStreet, Inc.",Commercial Services,Advertising/Marketing Services,1056098629.738562,18.5,42.67173941248752,18.286457757122314,78.85457809694793,11.270591909173,11.270591909173,3.27623149510865,6.27921824950221,5.06387820473181,9.886744499548586,127906000,127906000,13.203911212618657,11.635220125786162,0.007767088487435567,0.8221122166293577,3.2348369205051943,15.347457408391776,0.7771765506840487,-50656000,-0.7121207861219669,0.240361878350439,28.6474496417085,25.0175925398392,12.602020041376985,1687.1173469387757,499.81818181818187,1.59,17.465085883765497,6,3.2406564486075,1.1636653172668754,2.673424546246154,3.1215161649944183,-9.22473012757605,44.30577223088923,52.892561983471076,13.91625615763548,22.29,10.285,18.133100000000002,14.315133333333357,14.27655,18.704455589428893,17.86051722436301,15.431999092543904,48.78846550361714,0.7703867940122825,3.7758775419475317,3.3980125407024615,180039,1018836.7333333333,0.3410324254837837,-0.9803921568627435,92.2368,57086400,1074,1204573.55679702,128315000,128315000,74905000,46330.0000,22.4,0.699309,StrongBuy,10.461871158661507,2.883408362912302,28.6474496417085,9.498656595988919,0.247199157589463,2.207978732586442
AVGO,NASDAQ,Broadcom Inc.,Electronic Technology,Semiconductors,1628094155110.5337,341.06,85.50025075225676,23.874432853763526,95.27489728037565,66.5435895133776,64.7064347989419,48.5724546597235,42.9442000359131,58.408152271503,42.127506378449446,39403000000,26914000000,43.54031557983966,29.217530278299847,0.43258752660749017,18.60761009606751,16.332836251176857,31.964071845179728,18.66962375550518,50283000000,1.4397010822882665,0.59603771692246,44.2454341001463,16.5438007246766,17.345767860814657,100.12263042256397,214.40478985677393,11.673129,21.743712435641925,8,14.2023517010081,-1.1737089201877933,0.5057447061125885,-6.872730251481314,-14.146906308211245,-16.729332486937835,6.541297013619892,-6.667578846548541,495,289.96,381.48369999999943,376.2379333333336,369.5251000000002,363.5391000207592,375.68220347670376,364.8829533229378,33.67281441684125,11.715034086624074,2.398221283633626,2.0924101468146654,8827545,22748195.3,0.6166002202189398,0.9122527780234113,98.0858,4773630000,33000,1935969.6969697,16178000000,16178000000,63165000000,46366.0000,533.943182,1.4576099,StrongBuy,8.146728971962617,17.181899290935558,15.671504928136128,-2.2391461903537278,0.255780642520974,8.062819725803152
P,NYSE,"Everpure, Inc. Class A",Electronic Technology,Computer Peripherals,32463000506.86934,97.42,37.73463940850312,15.614059120676835,34.261073310211536,69.7343828818789,70.3812038899838,5.26049059746841,5.94265804816818,9.03738723414239,16.75368013316432,128169000.00000001,613661000,132.92400054577706,35.042333527333525,1.6541796916058042,7.86259784146498,21.07453749372653,82.24035729884274,7.432379551838706,-1330683000,-5.023037491129264,0.146223678284154,17.7143498577977,12.2841408915192,4.4748006009739525,79.9852652259332,53.83512544802866,2.780066,16.811610382486464,7,5.0846160213072,-1.3035798615157324,0.7844715399801444,-3.7827160493827146,-17.782091315722838,31.258420910805718,50.61842918985775,11.732996903314605,119.1,56.78,90.80779999999999,77.42066666666666,75.91514999999997,97.52146033226947,92.64618037771017,79.64143349516674,50.75588408366205,5.445717833229876,5.376838723487722,3.9366127590158695,783018,3220118.3333333335,0.4632634853545851,1.0621841806744365,94.8599,333227000,6400,572319.21875,857273000,1549719000,174384000,46358.0000,132.473684,1.433977,StrongBuy,34.019555555555556,26.298997800342523,13.6752341720616,-12.445929932423514,0.86704360985801,0.3708733256748663
MTZ,NYSE,"MasTec, Inc.",Industrial Services,Engineering & Construction,18687763936.428337,232.71,23.382735657833305,16.220691993734448,29.962363443579708,10.0513045325987,9.55056765178905,5.21017216166536,3.0686376516433,8.07256617578272,1.9982207360132973,244804000,285729000,37.06989932458265,24.914481265211553,0.41114403576966063,1.0903368735056211,5.293232959570264,16.71046458633173,1.3489633120123659,2403141000,2.225697284030656,0.930538043490766,15.3898241236341,7.295302602988,9.802481594710315,86.28445947950976,51.0390918245903,9.340351,17.734937455688595,7,4.94787241537954,0.5190166111214103,0,-7.518976274689022,-22.815920398009947,-38.76052631578948,-25.563765473562995,20.394226292099965,441.43,182.3435,287.1492,330.6734666666666,305.67689999999993,247.37232712385895,279.6127725476002,293.41011619134594,39.32468190187645,13.085573138794146,4.507071693083622,4.331550401112806,428162,1405144,0.4212820727273615,2.0969914683430697,78.71440000000001,80305000,36000,397199.19444444403,396030000,396030000,2469211000,46324.0000,429.727273,1.817832,StrongBuy,3.7728300141630777,,12.932466895235,1.4329728532910808,4.27565614302016,3.103892481298339
WT,NYSE,"WisdomTree, Inc.",Finance,Investment Managers,3398416808.9728503,22.43,57.30636382202253,15.433782908656488,59.29605186986222,78.3069807111928,77.6410472442699,39.7485566198662,13.1475528145913,41.3922057472773,29.920020739114495,195918000,147731000,43.051823416506714,18.781095985383736,1.2263011758567353,5.664774307833615,8.130081300813007,16.571571599987518,6.8593390122242,644855000,3.500974521290168,2.5767210811534103,18.5636224052024,10.171521073561,,34.59054507879101,67.69230769230768,1.194286,14.589421642793399,,2.49172730109114,3.6885189798907683,4.146283635013815,-8.67263843648208,-3.068280034572173,20.78621432417878,62.18365871294288,61.71593366979092,25.91,10.69,21.90939999999999,18.677199999999992,17.405499999999996,23.339018273726012,22.11710334457946,18.15345451105205,44.77167631473789,0.9871234447529554,4.004004762927327,4.756502220295873,3296808,2456425.7,0.9843400573925988,1.1312217194570136,87.0685,151512000,360,1371536.1111111098,311732000,311732000,805369000,46318.0000,24.328571,1.20153,Buy,5.88060486522025,,22.367238025591277,18.038588157072834,0.0247766771609204,1.2536665898794441
KTB,NYSE,"Kontoor Brands, Inc.",Consumer Non-Durables,Apparel/Footwear,3763175120.2008963,68.855,18.181264688333354,20.865788855520602,29.19762354987646,48.8930119719768,46.704648854986,13.1447185859926,7.45937467901635,14.8535010247021,13.783983437483158,423188000,434762000,14.3840481313585,13.025865769356574,2.078577724332918,1.2124141394214378,6.083629025417739,10.927061484155209,1.6230511895188209,1185427000,2.400626570730196,2.05768061770868,40.9637108724128,15.2312559096351,27.48349420876186,6.733706437155801,-11.517769189967426,5.286021,8.493994882483168,6,3.39231313527971,0.12850504019378556,2.669075894470676,-2.3194779401333396,-17.568538249730633,-9.887449286742564,-0.1377810007251615,-15.577488965179006,88.96,56.19,79.6899,74.64916666666664,72.02092499999998,72.99643412049892,76.43196883776544,74.61617371847639,36.870813662070034,2.7316300492174053,3.387149927266293,3.074040647676883,199453,748004.0666666667,0.5684971152616948,0.4776119402984973,98.2064,54653600,10600,297557.547169811,108442000,108442000,1251456000,46324.0000,97.5,0.8914859,Buy,6.773989246985207,,22.838232223948403,25.95788392796298,0.501612757906118,7.625696008649428
PLTR,NASDAQ,Palantir Technologies Inc. Class A,Technology Services,Packaged Software,413614626600.04755,172.1201,92.8334945705726,56.18339093221548,102.1051774686314,84.7961343359204,82.3665172141503,42.7985258468202,49.0045632341181,43.2530136334965,46.93590314797676,3358272000,2100591000,146.67243289305497,108.07076961136111,0.5070654468312915,72.0042373115663,42.31417494536185,151.92417970204178,65.71178615910183,-6950223000,-4.826007526941451,0.0216283818389527,38.4216232532504,25.4522997173756,21.638101691419003,289.99667663675643,224.23529411764704,1.592661,32.577315801498145,8,95.8363064121949,-2.167242168954626,-0.0012746164330155205,0.3791333761007809,-1.1145007468688926,31.550061143381228,10.902126288659808,0.6314897100093638,207.52,106.37,156.362402,144.868234,151.65187550000002,171.2003172478153,161.20224921923725,149.56081422601756,52.69068078439743,7.189387148355124,3.894849692394268,3.4174536776477433,9654264,33256100.266666666,0.3763222787087502,-1.2575336114974593,96.05530000000002,2300710000,4429,1010486.79160081,1426314000,7179561000,183474000,46335.0000,201.730769,1.6213516,Buy,,12.460813961334804,26.2302144466146,25.55068361033986,0.0163581181721139,1.307384997979518